V_Values_0,V_Values_20000,V_Values_40000,V_Values_60000,V_Values_80000,V_Values_100000,V_Values_120000,V_Values_140000,V_Values_160000,V_Values_180000,V_Values_200000,V_Values_220000,V_Values_240000,V_Values_260000,V_Values_280000,V_Values_300000,V_Values_320000,V_Values_340000,V_Values_360000,V_Values_380000,V_Values_400000,V_Values_420000,V_Values_440000,V_Values_460000,V_Values_480000
0.1387266,1.9287261,2.5159938,3.0615866,3.4191124,3.8521874,3.762638,4.255985,5.456338,5.036553,6.784689,6.6192446,7.2600365,7.221038,7.9300513,8.2386875,8.15492,8.534845,8.2362385,8.240742,8.515159,8.887948,9.816786,9.5971775,8.647569
0.1338476,1.7207935,2.5331166,2.9746509,3.3287957,3.81849,3.6383028,4.085691,5.3981133,5.058369,6.7563243,6.7043858,7.2730093,7.30181,7.823445,8.256762,8.199996,8.485111,8.278071,8.180418,8.450437,8.792094,9.752253,9.578323,8.582733
0.124402255,1.92757,2.506068,3.0488307,3.414518,3.852455,3.7268443,4.2453446,5.4516244,5.053799,6.780843,6.6392293,7.281646,7.2440596,7.9241314,8.248329,8.165576,8.533459,8.254021,8.235788,8.495433,8.85661,9.800955,9.591057,8.62561
0.11076181,1.7169814,2.5385582,2.9341733,3.312399,3.8234632,3.5579228,4.0662556,5.377285,5.0596094,6.742307,6.715803,7.278183,7.3126135,7.796159,8.259261,8.201486,8.4732485,8.291114,8.242397,8.418747,8.748294,9.836069,9.565125,8.54668
0.09376268,1.925306,2.4963107,3.0273747,3.4077988,3.8519614,3.672006,4.233135,5.4414415,5.067929,6.7850146,6.656879,7.2990556,7.2638597,7.910275,8.255399,8.174376,8.53001,8.269413,8.237815,8.468679,8.818623,9.817863,9.582305,8.596168
0.07435949,1.709687,2.5425737,2.879996,3.2908585,3.8278823,3.4515631,4.0441647,5.3490644,5.057758,6.7379384,6.725184,7.2787547,7.3201146,7.9740324,8.259854,8.200648,8.458185,8.302381,8.236167,8.512717,8.695791,9.844662,9.549245,8.499764
0.053370852,1.9217676,2.4868762,2.9936213,3.3978348,3.8506827,3.591235,4.218926,5.4245996,5.079234,6.7874317,6.6727138,7.3123384,7.2806435,7.9279294,8.260495,8.18123,8.523982,8.283017,8.237777,8.496345,8.77198,9.8285475,9.570885,8.556182
0.031396378,1.698641,2.5455863,2.807951,3.2626705,3.8319087,3.6737745,4.018805,5.3116794,5.0528255,6.731683,6.7328296,7.274318,7.324171,7.98514,8.258939,8.197092,8.438894,8.312269,8.229658,8.529387,8.857971,9.84956,9.530214,8.616592
0.008857098,1.9166558,2.4778035,2.9427812,3.3831065,3.8485363,3.6027224,4.202165,5.399381,5.08783,6.788219,6.687108,7.321191,7.2943296,7.941554,8.26404,8.18578,8.514482,8.295276,8.236613,8.517152,8.815257,9.835012,9.556348,8.589244
-0.013923233,1.6834017,2.5479038,2.71289,3.2258484,3.8356507,3.6808372,3.989415,5.26269,5.044635,6.723441,6.7389016,7.2640395,7.324327,7.99412,8.2567625,8.190123,8.413839,8.321069,8.223414,8.540582,8.889586,9.852175,9.507139,8.638227
,1.9095124,2.4690495,2.8686352,3.3615615,3.8453736,3.614222,4.182145,5.363376,5.093657,6.7873683,6.7003083,7.324886,7.3045235,7.9520373,8.266318,8.18736,8.500134,8.3065195,8.234934,8.532863,8.852212,9.838597,9.537817,8.61547
,1.6633373,2.5497453,2.9632711,3.177794,3.8391554,3.6873972,3.9550505,5.1987867,5.032816,6.7129693,6.74343,7.2465615,7.319754,8.001674,8.253455,8.178679,8.380797,8.328978,8.217767,8.547481,8.915982,9.853438,9.478614,8.654861
,1.8996825,2.4605129,2.840193,3.3304415,3.8409662,3.6258478,4.157961,5.3132453,5.096471,6.7847433,6.712437,7.322172,7.3104563,7.9599543,8.267509,8.184926,8.478887,8.3169985,8.233138,8.544622,8.884346,9.840158,9.513882,8.636702
,1.6375989,2.5512657,2.9474738,3.115153,3.8423958,3.6935287,3.9145453,5.115524,5.016781,6.6998754,6.746309,7.219859,7.309155,8.008244,8.249045,8.161235,8.538081,8.336122,8.212903,8.550743,8.938131,9.853924,9.442567,8.667805
,1.8862599,2.4520457,2.809045,3.2860675,3.8349776,3.6377022,4.1284556,5.2444124,5.0958147,6.7800627,6.723491,7.311127,7.3108764,7.9656143,8.26769,8.176947,8.501779,8.326887,8.231473,8.553077,8.912607,9.840192,9.482432,8.654239
,1.6050905,2.5525644,2.9288597,3.0336702,3.845246,3.699277,3.8664591,5.006984,4.9956856,6.683583,6.7472744,7.337155,7.290601,8.014045,8.243472,8.1356325,8.547921,8.342557,8.208917,8.55056,8.956506,9.853924,9.527636,8.677952
,1.8680141,2.4434583,2.7740614,3.223591,3.826931,3.6498742,4.092152,5.1506495,5.0909786,6.7728763,6.733324,7.3184896,7.3038874,7.9690733,8.266856,8.161252,8.5192375,8.33629,8.230094,8.558447,8.937446,9.838901,9.513016,8.669004
,1.5644429,2.553697,2.9064984,3.3535886,3.8474452,3.7046561,3.8090253,5.2868114,4.968373,6.6632924,6.745874,7.331248,7.267884,8.019077,8.236581,8.141369,8.552869,8.34826,8.205845,8.546684,8.971085,9.853499,9.549165,8.685898
,1.8433013,2.4345205,2.7338643,3.2290971,3.8161597,3.6624396,4.04717,5.1646094,5.080936,6.7625217,6.741607,7.32257,7.30886,7.970125,8.264907,8.168677,8.532004,8.345246,8.229081,8.560517,8.958811,9.836236,9.537407,8.681638
,1.5139996,2.5546746,2.8791502,3.3578036,3.848547,3.7096443,3.7400942,5.2968583,4.9332952,6.6379147,6.741411,7.322176,7.26384,8.0231085,8.228116,8.141454,8.553156,8.353124,8.203682,8.538374,8.89604,9.8525,9.565459,8.692009
,1.80996,2.424956,2.6867778,3.2355223,3.801741,3.6754525,3.991131,5.177821,5.064254,6.748058,6.7477827,7.323606,7.3110633,7.9682603,8.261646,8.17306,8.540361,8.353709,8.2284775,8.558584,8.941255,9.831893,9.557027,8.692567
,1.9480829,2.5554645,2.8451886,3.3620932,3.847845,3.7141783,3.6570907,5.306228,4.888414,6.6059766,6.7328596,7.309802,7.257998,8.025627,8.217702,8.139654,8.548581,8.356935,8.202409,8.5242605,8.868251,9.850547,9.577491,8.696462
,1.7763089,2.4144306,2.6307733,3.2427886,3.782402,3.6889439,3.9210587,5.1905503,5.038968,6.728174,6.7509785,7.321563,7.3111806,7.9625964,8.256752,8.175242,8.544153,8.361527,8.228296,8.551323,8.919332,9.825294,9.5727825,8.702037
,1.9404725,2.555978,2.802508,3.366438,3.8442721,3.71814,3.5570037,5.3151298,4.8310738,6.565487,6.718738,7.2937098,7.2507977,8.025768,8.204812,8.136606,8.538485,8.359338,8.201988,8.55214,8.83574,9.847012,9.585779,8.699251
,1.7371973,2.402538,2.5634136,3.250829,3.756401,3.702906,3.8333032,5.2030253,5.0024285,6.7010546,6.7498884,7.3161325,7.3096933,7.951743,8.249756,8.175846,8.542774,8.368417,8.228531,8.557673,8.892678,9.815525,9.585161,8.710118
,1.9274842,2.55606,2.7484124,3.3708074,3.8362591,3.7213416,3.4364486,5.3237357,4.7578588,6.513746,6.6969275,7.2731757,7.242521,8.022188,8.188729,8.132763,8.521689,8.359784,8.202383,8.549049,8.797598,9.840942,9.590443,8.700197
,1.6912953,2.3887763,2.481823,3.2595873,3.7213645,3.717278,3.7235243,5.215442,4.951085,6.664181,6.7425885,7.3067064,7.306929,7.9336114,8.239993,8.175323,8.535096,8.3739,8.229162,8.559857,8.860411,9.801228,9.59426,8.716705
,1.9078897,2.5554652,2.6795127,3.375162,3.8215442,3.7235017,3.2918546,5.332184,4.6644564,6.7666464,6.664391,7.2471185,7.233325,8.012859,8.168475,8.128436,8.496379,8.357465,8.203554,8.542584,8.752341,9.8309555,9.5912,8.698899
,1.6369389,2.3725185,2.3827248,3.269015,3.674081,3.7319238,3.5868287,5.227974,4.8802485,6.686472,6.72626,7.2923098,7.3030996,8.030345,8.226542,8.174003,8.51936,8.377246,8.230163,8.558597,8.82107,9.841501,9.59979,8.721478
,1.8799051,2.5538263,2.591674,3.3794494,3.7969174,3.7242162,3.8852103,5.340589,4.54556,6.7773004,6.7287755,7.214001,7.223278,8.024823,8.142734,8.123839,8.501021,8.3511915,8.205463,8.532984,8.697816,9.837924,9.587318,8.694701
,1.5721507,2.3529737,2.2626078,3.2790709,3.610247,3.7465994,3.597616,5.2407746,4.783838,6.706225,6.730879,7.2715125,7.298326,8.028576,8.208138,8.17212,8.5228405,8.377338,8.231496,8.554168,8.7725115,9.839419,9.60101,8.723862
,1.8411003,2.5506094,2.480092,3.3836062,3.7578845,3.7229154,3.8942902,5.3490424,4.988488,6.785559,6.7243233,7.1717057,7.212369,8.031224,8.10972,8.119116,8.496553,8.339243,8.208077,8.520097,8.857544,9.839532,9.586325,8.6866
,1.4947097,2.3291368,2.11813,3.2897146,3.5241826,3.7609062,3.6059523,5.2539825,4.792719,6.723846,6.733238,7.24228,7.292656,8.023031,8.183053,8.169838,8.524677,8.37254,8.233114,8.54646,8.813805,9.833516,9.596576,8.722927
,1.7883177,2.545053,2.339652,3.3875456,3.6982446,3.7188067,3.9011319,5.357612,4.99389,6.791576,6.718291,7.1173368,7.2005177,8.033419,8.067006,8.114352,8.490615,8.319131,8.211359,8.503407,8.887794,9.837406,9.574196,8.673115
,1.4023218,2.2997305,1.9468755,3.3009012,3.4085853,3.7742321,3.6116881,5.267721,4.7964134,6.7395678,6.7338214,7.2017703,7.2860703,8.014757,8.148915,8.167273,8.525201,8.360441,8.234963,8.535001,8.848984,9.824867,9.589024,8.717281
,1.7176603,2.5360847,2.1657817,3.3911557,3.609621,3.7108014,3.905649,5.3663445,4.9958405,6.795326,6.7109804,7.248171,7.1875844,8.032412,8.204739,8.109606,8.483287,8.370569,8.215264,8.482007,8.913076,9.832599,9.559187,8.652103
,1.2929531,2.2631302,1.7485524,3.3125749,3.2544868,3.785667,3.6146019,5.282095,4.79494,6.753458,6.7329717,7.231772,7.278488,8.004516,8.166369,8.164503,8.524571,8.366691,8.236965,8.518918,8.879568,9.814094,9.578595,8.704869
,1.6246626,2.5222096,1.9560378,3.3942864,3.4810646,3.697417,3.907682,5.375255,4.9943275,6.796605,6.7025847,7.262134,7.173356,8.028948,8.215127,8.104907,8.474463,8.371143,8.219747,8.454536,8.934419,9.825724,9.541065,8.730811
,1.8584915,2.2172887,2.1813023,3.3246558,3.6648734,3.7938898,3.6143956,5.2971873,4.7880654,6.765412,6.7309284,7.2567573,7.2697606,7.992868,8.179634,8.161582,8.522769,8.370387,8.239019,8.496882,8.9065695,9.801451,9.565075,8.708504
,1.5202514,2.5013661,1.8258255,3.3967347,3.439366,3.6766508,3.9069934,5.3843236,4.989111,6.7950034,6.693212,7.271635,7.157548,8.023579,8.222533,8.100268,8.463841,8.370292,8.224731,8.528502,8.952395,9.817055,9.519149,8.72508
,1.7891892,2.1596646,2.0510464,3.337027,3.636081,3.797015,3.6106818,5.3130503,4.7752776,6.7751284,6.727851,7.277523,7.2596703,7.9802284,8.189636,8.158545,8.519597,8.37236,8.240988,8.518564,8.93055,9.786889,9.547798,8.70921
,1.3972653,2.4707482,1.6811168,3.3982282,3.385515,3.6458237,3.903255,5.3934813,4.979698,6.7898607,6.6829042,7.277051,7.1397834,8.016717,8.227693,8.095694,8.450891,8.368541,8.230123,8.53961,8.967162,9.806576,9.49226,8.717893
,1.6944094,2.087189,1.90039,3.3495138,3.5964215,3.7923992,3.6029696,5.329692,4.7557464,6.7820644,6.7238307,7.2945333,7.247906,7.9669075,8.19707,8.155411,8.514647,8.373174,8.242677,8.534711,8.951655,9.770071,9.52559,8.708015
,1.2548695,2.4265985,1.5217497,3.3983955,3.316176,3.6013963,3.8960319,5.402592,4.965291,6.780191,6.6716456,7.278439,7.1195726,8.008675,8.231149,8.091181,8.4348,8.366234,8.235767,8.545832,8.978426,9.793992,9.458603,8.709736
,1.5698828,1.9963253,1.7283196,3.3618586,3.542423,3.7763844,3.5906463,5.34706,4.728262,6.7853665,6.7189054,7.3079443,7.234053,7.9531465,8.202466,8.152193,8.507238,8.373207,8.243819,8.546384,8.969571,9.750361,9.496628,8.705505
,1.0939415,2.3640127,1.3494117,3.396736,3.22711,3.5387683,3.8847585,5.4114294,4.9447074,6.76457,6.6593666,7.2755322,7.096279,7.999692,8.233299,8.0867195,8.414391,8.363584,8.241448,8.547654,8.913508,9.778722,9.537866,8.700789
,1.4125131,2.5831568,1.5361097,3.373682,3.4693837,3.7439942,3.5729527,5.3650107,4.691146,6.7837567,6.71306,7.31759,7.21755,7.9391327,8.206207,8.148899,8.496341,8.372723,8.244039,8.55406,8.954547,9.7267685,9.525674,8.701965
,1.6823142,2.3113112,1.1682311,3.3925703,3.1130774,3.84475,3.8687072,5.419641,4.9162736,6.7409754,6.645949,7.267706,7.069076,7.989951,8.234436,8.082303,8.387981,8.360717,8.246845,8.544995,8.8884535,9.759833,9.557713,8.691018
,1.2392882,2.560399,1.3283961,3.3844337,3.3711045,3.753021,3.5489533,5.3832755,4.6421375,6.775377,6.7062273,7.3229547,7.1976495,7.925025,8.20858,8.145528,8.48043,8.371888,8.242804,8.5576725,8.935259,9.697851,9.548782,8.697463
,,2.2524118,0.98500305,3.3849812,2.9679115,3.8429239,3.84695,5.4266973,4.87767,6.706524,6.631217,7.2539124,7.036882,7.979598,8.234758,8.077921,8.353183,8.357697,8.2514925,8.537167,8.859025,9.73594,9.572362,8.680198
,,2.5312014,1.1138177,3.3933256,3.2397342,3.7621465,3.5175028,5.4014096,4.5782576,6.7575274,6.698292,7.323094,7.1733556,7.910959,8.209778,8.142078,8.457289,8.370814,8.23937,8.556559,8.911595,9.661542,9.567161,8.691876
,,2.1853886,1.2747277,3.3727322,2.7849827,3.8395312,3.818308,5.4318304,4.825736,6.7564793,6.6149364,7.2325664,6.998272,7.968745,8.234409,8.0735655,8.5241375,8.354543,8.254711,8.544379,8.824576,9.705024,9.582563,8.66793
,,2.493688,0.97223896,3.3992379,3.0659854,3.7710297,3.4772062,5.418719,4.495653,6.7668552,6.689076,7.316528,7.1433277,7.8970532,8.209931,8.138547,8.484053,8.369564,8.232687,8.557523,8.882928,9.614878,9.5815,8.684909
,,2.1079044,1.1108899,3.3541584,2.5583844,3.8340385,3.781291,5.4339433,4.756233,6.758661,6.5968,7.2013717,6.951353,7.957481,8.233474,8.069226,8.537286,8.351238,8.255536,8.5355425,8.783917,9.664155,9.588587,8.65362
,,2.4452515,0.83300304,3.4005969,2.8402393,3.7792132,3.4263804,5.434167,4.3894725,6.774358,6.678331,7.3010616,7.1057553,7.8834176,8.209109,8.134929,8.504757,8.368161,8.221269,8.554291,8.848087,9.719399,9.592032,8.676051
,,2.01727,0.9463012,3.3270307,2.2852042,3.8257432,3.7340305,5.431479,4.663579,6.759336,6.576413,7.3386745,6.893587,7.9458714,8.231993,8.0648985,8.545152,8.347737,8.252581,8.522691,8.735244,9.691452,9.590241,8.636431
,,2.3824427,0.7007197,3.3952084,2.5552554,3.7860777,3.3630219,5.44624,4.9077926,6.780387,6.6657224,7.310895,7.0581694,7.87015,8.207332,8.13122,8.520378,8.366603,8.203003,8.547027,8.805295,9.739196,9.598547,8.664549
,,1.9106022,0.7877616,3.2883766,2.861511,3.8137188,3.6742074,5.4222574,4.697903,6.758686,6.553269,7.335754,7.200175,7.9339514,8.229972,8.060576,8.548182,8.343964,8.243861,8.505487,8.882602,9.712102,9.573206,8.6152
,,2.300907,0.5805281,3.380038,2.3986087,3.790788,3.2847934,5.4527674,4.9292936,6.785187,6.6508045,7.3174825,7.1007648,7.857333,8.204567,8.127412,8.531406,8.364853,8.239843,8.53543,8.845375,9.754072,9.589426,8.649308
,,1.7851603,0.64292616,3.2342677,2.702096,3.796749,3.5989988,5.403229,4.723207,6.7567987,6.526722,7.329961,7.2284546,7.921724,8.227374,8.056258,8.5463705,8.339807,8.248627,8.483126,8.911384,9.72763,9.555255,8.588328
,,2.1954765,0.72279346,3.3509293,2.20964,3.7922046,3.1890557,5.450664,4.9441557,6.7889147,6.6329904,7.3212333,7.1370583,7.8450265,8.200734,8.123499,8.537887,8.362842,8.235279,8.518727,8.879495,9.76518,9.576421,8.628775
,,1.6389563,0.5483425,3.1595829,2.502974,3.7732348,3.505061,5.4384375,4.7398944,6.753679,6.4959445,7.321363,7.251686,7.9091387,8.224123,8.05194,8.539266,8.335117,8.251333,8.538501,8.935113,9.739126,9.532981,8.553616
,,2.060623,0.6091978,3.302256,1.9872938,3.7887843,3.072978,5.458404,4.952837,6.791647,6.611507,7.3223104,7.168414,7.8332486,8.195693,8.119472,8.539413,8.360458,8.229859,8.535487,8.9089365,9.773343,9.559114,8.600759
,,1.4716997,0.4651608,3.3735225,2.2606826,3.7410772,3.388609,5.4363003,4.7480183,6.749251,6.4598756,7.309787,7.270854,7.8960786,8.220098,8.047624,8.525922,8.329695,8.252722,8.5443325,8.954556,9.747363,9.505377,8.508011
,,1.891588,0.50891674,3.296823,1.7343798,3.7784312,2.9337702,5.4633694,4.955457,6.793389,6.5853376,7.320642,7.1958385,7.821956,8.189243,8.115322,8.535096,8.357545,8.223868,8.547175,8.9344425,9.779149,9.536497,8.562169
,,2.269905,0.39530984,3.3724678,1.9764521,3.697529,3.2456658,5.4311633,4.7472315,6.743356,6.417146,7.2948127,7.286629,7.882317,8.215113,8.04331,8.504802,8.32327,8.253199,8.544995,8.969977,9.752882,9.564386,8.618729
,,1.7387605,0.42515218,3.2922885,1.4592423,3.7583115,2.769088,5.465649,4.9517527,6.794065,6.553145,7.3159165,7.2200427,7.8110085,8.181097,8.111039,8.523447,8.353869,8.217342,8.554142,8.956254,9.782995,9.558767,8.593006
,,2.1376905,0.46169525,3.3715868,1.6591932,3.6390145,3.07257,5.4229007,4.7367125,6.7357407,6.36599,7.2757506,7.299416,7.8674746,8.208921,8.0390005,8.496668,8.315488,8.252926,8.54017,8.981132,9.756031,9.577459,8.6384115
,,1.5711628,0.37125146,3.2885244,1.9175439,3.7246141,3.4165761,5.465178,4.940991,6.7935157,6.513164,7.307554,7.2414875,7.800117,8.170865,8.106609,8.525797,8.349113,8.210109,8.556074,8.974092,9.785131,9.575971,8.617195
,,1.9782207,0.39747867,3.3708785,1.4681025,3.560928,3.056594,5.4112177,4.7150483,6.7260385,6.304116,7.251583,7.3093815,7.8509417,8.201171,8.0346985,8.489628,8.305866,8.251859,8.538117,8.921484,9.757001,9.585507,8.653293
,,1.3901311,,3.2853963,1.695331,3.6722603,3.398182,5.4617224,4.9218273,6.7914734,6.4630594,7.2946444,7.260397,7.788766,8.158023,8.102018,8.526234,8.342836,8.201819,8.554534,8.960667,9.785685,9.588568,8.636556
,,1.7895527,,3.370326,1.2596781,3.4574497,3.0285997,5.395628,4.68007,6.71374,6.2285438,7.2208815,7.316449,7.8317776,8.191382,8.030408,8.480535,8.293755,8.249774,8.527061,8.898984,9.755851,9.552242,8.664664
,,1.1994727,,3.2827728,1.4487644,3.5945818,3.3674822,5.454867,4.89211,6.7875376,6.399739,7.275864,7.27676,7.776109,8.14186,8.097241,8.524924,8.334426,8.191926,8.549043,8.943623,9.784661,9.574328,8.65236
,,1.5731504,,3.3699036,1.0426686,3.321463,2.9868686,5.3754215,4.6286297,6.698155,6.1354046,7.181686,7.3202868,7.6301446,8.178907,8.026127,8.46922,8.278269,8.246253,8.511969,8.872841,9.752498,9.528154,8.673412
,,1.005829,,3.2805219,1.1890994,3.4830503,3.3225234,5.443974,4.848588,6.781141,6.3191004,7.249341,7.2903066,7.7149167,8.121417,8.092255,8.521795,8.323039,8.179658,8.539512,8.922916,9.781952,9.555313,8.665518
,,1.3358537,,3.3695776,0.82880616,3.6089113,2.9294162,5.3496127,4.5563326,6.67835,6.4928894,7.1313214,7.3202558,7.5528316,8.162851,8.0218525,8.455231,8.258191,8.240648,8.492268,8.842543,9.746718,9.498094,8.68013
,,1.701346,,3.2785165,0.93213737,3.4807565,3.2609358,5.4281297,4.786539,6.771481,6.3491216,7.2124605,7.3004537,7.6491866,8.095394,8.087016,8.516511,8.307513,8.163959,8.525407,8.8980665,9.777314,9.530329,8.676663
,,1.1327595,,3.3693123,1.0748554,3.6087797,2.854035,5.316868,4.960262,6.653067,6.5156097,7.066163,7.315329,7.471776,8.141993,8.017576,8.437789,8.231835,8.232023,8.466908,8.80711,9.73812,9.560921,8.685191
,,1.4694161,,3.2766287,0.77156574,3.4759853,3.179954,5.40607,4.8266726,6.7574506,6.374181,7.1616054,7.3062277,7.5791497,8.06201,8.081479,8.508422,8.286226,8.143386,8.505719,8.868125,9.770348,9.552992,8.686229
,,0.93695796,,3.3690662,0.87906504,3.606635,2.7584069,5.275402,4.978124,6.620607,6.534439,7.2259965,7.3039694,7.3869143,8.114642,8.013278,8.415698,8.196825,8.219051,8.531295,8.765048,9.726102,9.574918,8.688792
,,1.228719,,3.2747312,0.61529195,3.468445,3.0765266,5.376064,4.8552227,6.737514,6.3951354,7.1919723,7.306131,7.5047154,8.124482,8.075574,8.496482,8.256898,8.115976,8.524475,8.83163,9.760452,9.570913,8.694479
,,0.75579566,,3.3687947,0.6891141,3.602307,2.640314,5.22284,4.9877567,6.578664,6.5500913,7.2423043,7.283944,7.2978997,8.123719,8.008928,8.387208,8.307324,8.199876,8.539589,8.714234,9.709789,9.58435,8.690978
,,0.99246734,,3.272693,0.4718318,3.4577372,2.9475718,5.335762,4.8733654,6.7095413,6.4126477,7.2172675,7.297947,7.4255238,8.120118,8.069207,8.479105,8.275806,8.079038,8.538273,8.786479,9.746749,9.584679,8.701528
,,0.59613127,,3.3684485,0.51649845,3.595516,2.4979885,5.156031,4.9904675,6.524088,6.5631113,7.254618,7.2635403,7.204139,8.127599,8.004471,8.529386,8.32146,8.171903,8.543156,8.867791,9.687939,9.589361,8.691639
,,0.7753326,,3.2703745,0.58056575,3.443335,2.7904391,5.2819886,4.881908,6.6705675,6.4272227,7.2385483,7.302555,7.34098,8.111711,8.062253,8.50127,8.291953,8.241924,8.547768,8.828027,9.727994,9.5943985,8.707341
,,0.99378437,,3.3679702,0.4079454,3.5858529,3.1309798,5.070819,4.987222,6.7705355,6.573911,7.263662,7.2600574,7.104791,8.1275,7.999822,8.536784,8.333514,8.204388,8.542063,8.897983,9.658797,9.589605,8.690491
,,0.61015064,,3.2676263,,3.4245563,2.7817543,5.210461,4.8812227,6.6885495,6.4392385,7.2566004,7.304531,7.250261,8.100094,8.054539,8.517189,8.305978,8.26246,8.55303,8.863019,9.702416,9.599698,8.711716
,,,,3.367293,,3.572745,3.1172807,4.961751,4.978574,6.779073,6.582798,7.269926,7.2551684,6.9987235,8.124279,7.994855,8.538059,8.343955,8.230028,8.535738,8.92282,9.619886,9.577966,8.687047
,,,,3.2642808,,3.4005232,2.758024,5.1154375,4.871135,6.7040434,6.448967,7.2719903,7.304626,7.1522975,8.085768,8.045828,8.5272665,8.318374,8.278122,8.553513,8.893023,9.667504,9.592315,8.714243
,,,,3.366334,,3.5554132,3.087521,4.8217897,4.9645443,6.785661,6.589993,7.273705,7.2494087,6.8844357,8.11848,7.989382,8.533008,8.353146,8.250539,8.538463,8.9433565,9.721934,9.56263,8.680557
,,,,3.2601452,,3.3701136,2.7172494,4.989316,4.850736,6.717557,6.4565897,7.2850966,7.3033876,7.045709,8.068931,8.035798,8.531341,8.329531,8.290122,8.5532055,8.9190645,9.703124,9.581712,8.714254
,,,,3.3649914,,3.5328076,3.0394318,5.1645546,4.9444103,6.7906284,6.5956445,7.2751184,7.2431564,7.2208557,8.110368,7.983131,8.520841,8.361364,8.26717,8.528564,8.960169,9.747733,9.543932,8.669913
,,,,3.2549937,,3.3318994,2.657259,4.996504,4.8181095,6.729468,6.4622087,7.296127,7.301211,7.0523643,8.0494995,8.024007,8.528661,8.339755,8.29932,8.548885,8.941715,9.730885,9.567761,8.710723
,,,,3.3631346,,3.5035279,2.9704125,5.1699653,4.9163823,6.7941875,6.5998354,7.2741165,7.2366853,7.2233667,8.099937,7.9757123,8.482595,8.368824,8.280836,8.514758,8.973398,9.767562,9.521246,8.653517
,,,,3.2485554,,3.284069,2.5758247,5.001035,4.9079123,6.7400455,6.465854,7.3051243,7.2983866,7.054429,8.027095,8.009848,8.52731,8.349293,8.306327,8.540638,8.961097,9.752803,9.549852,8.702137
,,,,3.3605928,,3.4657207,2.87766,5.1731877,4.9224615,6.7964616,6.6025906,7.2704706,7.230194,7.221811,8.086893,7.966572,8.469622,8.375684,8.292201,8.496644,8.982718,9.782947,9.49341,8.629071
,,,,3.2404966,,3.2243428,2.470884,5.002976,4.87666,6.7494755,6.46748,7.3119583,7.295129,7.052784,8.000993,7.9924865,8.523443,8.35834,8.311552,8.528103,8.976865,9.770365,9.526823,8.686288
,,,,3.357141,,3.4169502,2.7584496,5.1742907,4.914148,6.797488,6.6038733,7.2637534,7.2238293,7.216935,8.070604,7.9549294,8.453156,8.382051,8.301744,8.473366,8.926285,9.795012,9.458629,8.719353
,,,,3.2304065,,3.1498802,2.3408918,5.0022926,4.8351398,6.75786,6.466969,7.3162966,7.2915936,7.0481806,7.970043,7.970772,8.516655,8.3670435,8.31526,8.510459,8.963421,9.7846775,9.496846,8.69285
,,,,3.3524804,,3.3540497,2.6106102,5.173251,4.8941636,6.797229,6.603585,7.253293,7.2177052,7.2093782,8.050014,7.939685,8.4322605,8.38799,8.309796,8.532566,8.903229,9.804583,9.538497,8.716242
,,,,3.217767,,3.0572054,2.927161,4.9988546,4.7862434,6.765233,6.4641175,7.3175683,7.287899,7.0412717,7.9325223,7.943107,8.50614,8.375513,8.317583,8.528256,8.945941,9.796564,9.525386,8.696105
,,,,3.3462105,,3.2729661,2.5971253,5.1699567,4.8650675,6.79556,6.6015534,7.2381077,7.2119126,7.1996818,8.023493,7.919294,8.405453,8.393516,8.316566,8.539411,8.876085,9.8122635,9.558049,8.711435
,,,,3.2019212,,2.9421904,2.906057,4.992427,4.732778,6.771547,6.4586253,7.314893,7.284133,7.032624,8.082548,7.907267,8.490574,8.383811,8.3185425,8.540979,8.924383,9.806646,9.548251,8.697191
,,,,3.3377929,,3.1686401,2.5646389,5.164205,4.8292904,6.792269,6.5975194,7.2168183,7.2065268,7.188312,8.039212,7.89158,8.532208,8.398589,8.322148,8.541147,8.8442955,9.818484,9.572629,8.705512
,,,,3.1820314,,2.800164,2.8642209,4.9826646,4.6774755,6.776674,6.4500785,7.3069873,7.2803593,7.022732,8.092103,7.812956,8.509071,8.39195,8.318042,8.5490465,8.898211,9.815377,9.566605,8.696791
,,,,3.3265023,,3.035007,2.5108888,5.1556854,4.7891307,6.7870326,6.5911193,7.187498,7.2016153,7.175668,8.051122,7.857826,8.536108,8.403109,8.326529,8.53753,8.806779,9.823544,9.582956,8.698747
,,,,3.157021,,2.6262794,2.7990544,4.969091,4.622947,6.780379,6.4379134,7.292024,7.2766237,7.012028,8.098681,7.7714376,8.52165,8.399885,8.315861,8.552213,8.866372,9.823085,9.581104,8.695281
,,,,3.3113616,,2.8652909,2.4336696,5.143967,4.746692,6.7793865,6.5818467,7.1474757,7.1972375,7.1620865,8.060017,7.8227143,8.533835,8.406887,8.329568,8.5318575,8.76187,9.827618,9.589286,8.691191
,,,,3.1255062,,2.4163,2.7078998,4.951077,4.571603,6.7823005,6.421381,7.26742,7.272951,7.000891,8.102873,7.7298245,8.52837,8.407488,8.31163,8.549653,8.827223,9.829986,9.591977,8.692822
,,,,3.2910545,,2.652851,2.3310993,5.1284704,4.703758,6.768687,6.569018,7.331085,7.193445,7.1478443,8.066497,7.7871118,8.524836,8.409628,8.330987,8.519723,8.897669,9.830783,9.591429,8.682729
,,,,3.085703,,2.167964,2.5883915,4.9278007,4.5254936,6.781906,6.39949,7.2836766,7.2693477,6.989641,8.105095,7.6886086,8.528714,8.414518,8.304787,8.543118,8.865269,9.836194,9.599012,8.689398
,,,,3.2638113,,2.392916,2.202023,5.1084237,4.6615734,6.7540493,6.5517087,7.3342338,7.1902785,7.133152,8.071003,7.7515507,8.507919,8.410878,8.330319,8.503477,8.924495,9.833002,9.57207,8.67308
,,,,3.0353236,,2.6767008,2.4390156,4.8982053,4.486083,6.778437,6.3709235,7.296119,7.2657914,6.9785423,8.105634,7.6480303,8.521547,8.420593,8.294521,8.532473,8.897359,9.841717,9.589147,8.68483
,,,,3.2272635,,2.3082993,2.717881,5.0828176,4.158911,6.7342625,6.528668,7.334281,7.187763,7.118148,8.073858,7.7163367,8.485526,8.409972,8.326861,8.482493,8.946173,9.834122,9.553138,8.661799
,,,,2.9714537,,2.5891452,2.4066107,4.8609314,4.356428,6.770819,6.3339343,7.30543,7.2622247,6.96779,8.104667,7.6081595,8.521696,8.425109,8.279682,8.517125,8.924657,9.846444,9.575235,8.67876
,,,,3.178264,,2.2020404,2.6742105,5.050331,4.0006356,6.7076597,6.498206,7.331561,7.1858954,7.102876,8.075289,7.6816177,8.47572,8.405946,8.31958,8.455662,8.963354,9.833834,9.529688,8.6482315
,,,,2.8904307,,2.4774778,2.3505578,4.8142357,4.217535,6.7575464,6.2861915,7.3120294,7.2585397,6.9574947,8.102282,7.568951,8.519951,8.427167,8.258649,8.496003,8.94779,9.850112,9.5568285,8.67062
,,,,3.1126792,,2.071566,2.6044416,5.0092335,3.8430793,6.671947,6.4580264,7.326171,7.1846304,7.0872626,8.075433,7.6474338,8.463577,8.3974,8.306994,8.524167,8.976174,9.831647,9.5006485,8.631466
,,,,2.7877676,,2.3380022,2.268875,4.7558875,4.074999,6.736496,6.2245736,7.3161035,7.2545533,6.947655,8.098478,7.530274,8.516258,8.425442,8.229128,8.515505,8.966866,9.852272,9.532843,8.659573
,,,,3.0251853,,1.9148172,2.50631,4.957266,3.691216,6.6239414,6.404998,7.3179784,7.1838546,7.0710654,8.074349,7.6137476,8.448657,8.382326,8.286985,8.533397,8.908804,9.826815,9.562677,8.610233
,,,,2.6581893,,2.1673748,2.1601968,4.6830378,3.9339666,6.7046657,6.562011,7.317625,7.249979,6.938115,8.093176,7.4919343,8.510299,8.41799,8.309318,8.5301695,8.949299,9.852213,9.555694,8.644404
,,,,2.909144,,1.7309452,2.3782372,4.89148,3.5491042,6.559206,6.4567237,7.3066287,7.183357,7.0538177,8.07202,7.5804634,8.430171,8.420136,8.298675,8.538111,8.880871,9.81823,9.5764675,8.582776
,,,,2.4959433,,1.96355,2.6323984,4.5920696,3.7989612,6.657782,6.597887,7.3163433,7.2443757,6.928495,8.086196,7.4536796,8.501414,8.424902,8.310768,8.540732,8.92714,9.848876,9.573608,8.623392
,,,,2.756733,,1.5212315,2.3554602,4.808046,3.4198742,6.7216263,6.501558,7.2915115,7.1827765,6.716972,8.068336,7.547433,8.406902,8.420098,8.307313,8.538475,8.847768,9.80429,9.585408,8.546659
,,,,3.0091162,,1.7271225,2.5979419,4.4784436,3.6737585,6.6720786,6.6278987,7.311759,7.2370825,6.831892,8.077254,7.415195,8.488536,8.42886,8.3103485,8.547367,8.89986,9.8407,9.587094,8.594094
,,,,2.712137,,1.2900499,2.3080785,4.702034,3.3057907,6.7308044,6.5407076,7.271718,7.1815324,6.619125,8.063084,7.5144506,8.377057,8.418135,8.31381,8.534054,8.808362,9.856898,9.589534,8.498503
,,,,2.97319,,1.4628463,2.5364914,4.336571,3.5613415,6.6833973,6.653016,7.3030686,7.227117,6.7397866,8.065925,7.3760934,8.470038,8.430701,8.308511,8.5496645,8.866347,9.847993,9.596138,8.553062
,,,,2.658803,,1.7077948,2.2340786,4.567215,3.2083797,6.737997,6.57512,7.245952,7.1787233,6.5252714,8.055919,7.481244,8.522127,8.414753,8.318731,8.530381,8.9250965,9.856448,9.567235,8.6106205
,,,,2.9282808,,1.3505685,2.4458792,4.1598115,2.8117948,6.6922445,6.673964,7.2890835,7.213036,6.6514077,8.051601,7.335889,8.492949,8.430977,8.3054285,8.547531,8.899716,9.851182,9.58559,8.581869
,,,,2.5941827,,1.5757028,2.1321003,4.3959575,2.9789436,6.7435966,6.605523,7.212421,7.1729774,6.434193,8.046319,7.4474525,8.530445,8.410234,8.322362,8.518183,8.947433,9.8533125,9.548036,8.628945
,,,,2.8717074,,1.2170818,2.3246562,4.667218,2.617977,6.6989894,6.6912675,7.2681055,7.057753,6.5658073,8.033436,7.293965,8.509704,8.430019,8.301034,8.541085,8.927734,9.8515625,9.571313,8.603946
,,,,2.515319,,1.4180485,2.5469048,4.415651,2.771492,6.7478914,6.632467,7.1686625,7.1488724,6.3444924,8.03353,7.412594,8.532738,8.4046955,8.324754,8.501633,8.964745,9.848334,9.524546,8.642571
,,,,2.8001518,,1.0641704,2.2962768,4.6820984,2.4495285,6.703891,6.7052765,7.2377443,7.016776,6.4818482,8.010243,7.2495227,8.520727,8.427999,8.295027,8.530275,8.951056,9.849984,9.552768,8.621147
,,,,2.41884,,1.2368176,2.5053551,4.4265666,2.5881577,6.7510896,6.6563444,7.1113124,7.119256,6.2545433,8.016472,7.3760166,8.52883,8.398107,8.32572,8.480159,8.8834095,9.842023,9.495635,8.652845
,,,,2.709577,,0.89568543,2.241354,4.689005,2.3051784,6.7071147,6.716188,7.194667,6.971832,6.3981524,7.980376,7.201508,8.525886,8.424943,8.286851,8.514566,8.928459,9.84697,9.528814,8.634779
,,,,2.301049,,1.0367631,2.4349873,4.4281464,2.4288802,6.7533307,6.6774054,7.2406445,7.0852575,6.1623974,7.993609,7.3368278,8.517976,8.390316,8.3248205,8.53191,8.849345,9.83464,9.459489,8.66071
,,,,2.5952275,,0.717778,2.1582162,4.6874475,2.1826727,6.7087436,6.7240505,7.2219296,6.9237337,6.312996,7.947054,7.148512,8.524482,8.420757,8.275645,8.53027,8.900358,9.842812,9.497611,8.645778
,,,,2.1581936,,0.8257657,2.3341072,4.4195094,2.292188,6.754696,6.6957655,7.253331,7.0476646,6.4676175,7.9738884,7.293796,8.498779,8.381036,8.321302,8.536524,8.9476385,9.826256,9.539391,8.666827
,,,,2.4518304,,0.9858244,2.534128,4.676594,2.079347,6.708785,6.7287593,7.2442646,6.8730206,6.3189664,7.9164267,7.088625,8.515165,8.415212,8.260154,8.541126,8.928762,9.837619,9.525213,8.654825
,,,,1.9870359,,0.7215136,2.3174734,4.399395,2.175848,6.755206,6.711398,7.26205,7.007012,6.468779,7.9517546,7.24521,8.483399,8.369841,8.314019,8.502376,8.965044,9.816784,9.558365,8.671668
,,,,2.2741795,,0.85754085,2.5044792,4.6552043,1.9924986,6.707166,6.7300396,7.2626553,6.8200293,6.32144,7.884212,7.3763523,8.515574,8.407935,8.238586,8.530258,8.9522,9.831347,9.547513,8.662423
,,,,1.7858386,,0.60419154,2.274148,4.3660846,2.077333,6.7548246,6.7241178,7.2674255,6.9636445,6.4665394,7.9279447,7.2828436,8.474472,8.35612,8.301273,8.536089,8.886102,9.805993,9.572695,8.675564
,,,,2.0583427,,0.7142158,2.4462512,4.6215405,1.9196014,6.7037263,6.7274165,7.2777996,6.7649536,6.3210998,7.850717,7.4016275,8.514272,8.398373,8.331058,8.541001,8.930519,9.823818,9.565611,8.668945
,,,,1.5558047,,0.47830155,2.202324,4.317305,1.9941186,6.7534432,6.733548,7.2698307,6.9177685,6.4614635,7.9028497,7.3125243,8.463622,8.339029,8.322713,8.502816,8.853367,9.793504,9.583069,8.678751
,,,,1.8036824,,0.5617696,2.3576677,4.573238,1.858402,6.6981993,6.7201605,7.290155,6.707866,6.3185153,7.815949,7.4195104,8.511352,8.385733,8.340798,8.530439,8.903644,9.814694,9.580139,8.674673
,,,,2.1021783,,0.34975067,2.5311666,4.250108,1.7379091,6.7508664,6.7390766,7.2694173,6.869479,6.4539967,7.876577,7.3354225,8.4506,8.317408,8.338702,8.535688,8.814273,9.778764,9.589734,8.68139
,,,,1.670683,,0.40787214,2.3445463,4.507153,1.7600167,6.6901913,6.7072134,7.299967,6.6487517,6.3141503,7.7796445,7.4307594,8.506666,8.3689165,8.346329,8.541027,8.870486,9.803475,9.591322,8.679818
,,,,1.9589847,,0.4962242,2.5045526,4.160744,1.6630757,6.7467875,6.7397757,7.266128,6.8187804,6.4444695,7.8489647,7.35234,8.434868,8.289654,8.350415,8.503641,8.926953,9.761002,9.592524,8.683589
,,,,1.5176597,,0.3227601,2.3043742,4.419188,1.6796402,6.679137,6.68708,7.3072786,6.5875177,6.308361,7.7412667,7.4357677,8.499802,8.34639,8.348351,8.530897,8.902466,9.789436,9.598978,8.68454
,,,,1.7894008,,0.39098305,2.4495778,4.0445623,1.5999701,6.740749,6.734293,7.25969,6.7656007,6.433092,7.819582,7.363725,8.415556,8.253533,8.358621,8.482623,8.9482,9.739171,9.59082,8.685403
,,,,1.3447943,,0.23244435,2.2354727,4.304124,1.6123406,6.6642475,6.6576624,7.311919,6.524003,6.3013926,7.6999655,7.4345512,8.490022,8.316005,8.34723,8.515764,8.929278,9.771568,9.602478,8.688951
,,,,1.5927521,,0.28105366,2.3646235,3.895983,1.5450253,6.7320867,6.720695,7.2495875,6.7097983,6.419943,7.787681,7.369651,8.391357,8.369345,8.363767,8.531093,8.964587,9.71183,9.583493,8.686852
,,,,1.1547562,,0.141727,2.506085,4.1555276,1.5543263,6.644426,6.6160326,7.3134766,6.457977,6.293367,7.6545053,7.4267035,8.476177,8.336734,8.343048,8.530352,8.951553,9.748459,9.596279,8.693128
,,,,1.3715233,,0.1726158,2.3448398,4.450262,1.4956298,6.7198486,6.6962194,7.2350144,6.651162,6.404944,7.752122,7.3697743,8.360391,8.384067,8.366032,8.534756,8.97623,9.676994,9.569422,8.687912
,,,,0.95343196,,0.22054145,2.4722602,4.205369,1.5027779,6.618148,6.5581045,7.3112516,6.389138,6.284256,7.603142,7.411317,8.456554,8.354523,8.33562,8.540344,8.9693775,9.718138,9.586912,8.697101
,,,,1.132667,,0.108842865,2.2976518,4.4903226,1.4499245,6.7026734,6.6569357,7.214797,6.589406,6.387831,7.7112513,7.363248,8.512815,8.396414,8.3653345,8.533276,8.915785,9.631915,9.552302,8.688509
,,,,0.7500854,,0.14233196,2.4104643,4.243982,1.455652,6.583298,6.4781804,7.3041763,6.3171077,6.273849,7.7978926,7.3868566,8.481597,8.370058,8.324472,8.545654,8.953494,9.677833,9.5745,8.700859
,,,,0.8881823,,0.043668766,2.2218103,4.519888,1.4066229,6.6786213,6.597229,7.1872783,6.5241604,6.3680983,7.7340865,7.3485847,8.523065,8.406897,8.361323,8.520854,8.890112,9.73143,9.531773,8.688513
,,,,1.0734198,,0.06415326,2.3194473,4.270941,1.4115039,6.5369196,6.6884203,7.290698,6.2414093,6.2616935,7.813413,7.2314625,8.500246,8.383875,8.3088045,8.541179,8.933423,9.708539,9.558697,8.704332
,,,,0.73862255,,0.09592949,2.4251704,4.538715,1.3648679,6.6449165,6.6003275,7.150151,6.4549584,6.083273,7.7519035,7.294915,8.5271635,8.415889,8.3533325,8.506601,8.8597555,9.753623,9.506993,8.68772
,,,,0.89244795,,0.017168945,2.2815452,4.28553,1.369341,6.4748635,6.6918044,7.268607,6.161459,6.1828313,7.824539,7.1738634,8.513044,8.396377,8.287405,8.532613,8.908725,9.732448,9.538673,8.707383
,,,,0.58847797,,0.038268447,2.373504,4.5462403,1.3241153,6.5975685,6.5994115,7.100204,6.3812137,6.0048194,7.765587,7.2439885,8.525058,8.42364,8.340305,8.487994,8.823713,9.770669,9.476582,8.685831
,,,,0.7087601,,-0.031246752,2.2163293,4.2866793,1.3285065,6.6811876,6.6925254,7.2347775,6.076532,6.1094913,7.831927,7.1189933,8.519979,8.407855,8.258514,8.519695,8.878419,9.751291,9.513044,8.709771
,,,,0.4449071,,,2.294575,4.5415015,1.2840475,6.6244435,6.5945463,7.3187766,6.3021917,5.9302964,7.775805,7.195554,8.516122,8.430288,8.320656,8.464263,8.780371,9.783891,9.438473,8.682409
,,,,0.53243226,,,2.378236,4.2728624,1.2885877,6.6956024,6.690586,7.25331,5.9857373,6.0404353,7.8360314,7.0664124,8.520469,8.418489,8.219622,8.5016985,8.840913,9.766361,9.479701,8.711131
,,,,0.650962,,,2.2599542,4.523026,1.2445053,6.645701,6.5855536,7.325864,6.216981,5.8583565,7.783045,7.1492934,8.499092,8.435853,8.292084,8.524185,8.904916,9.794267,9.526847,8.67684
,,,,0.4237366,,,2.3308496,4.2419844,1.2493478,6.7058816,6.685785,7.2681503,5.88798,5.974461,7.8371253,7.0156317,8.513301,8.428354,8.333747,8.519491,8.875505,9.778617,9.510367,8.710913
,,,,0.5162364,,,2.199937,4.4886847,1.2054352,6.662263,6.572001,7.330315,6.1244416,5.7876496,7.787623,7.1048474,8.476952,8.440227,8.307428,8.531093,8.928942,9.802527,9.548506,8.668252
,,,,0.32047263,,,2.2587683,4.191229,1.2106702,6.712783,6.677704,7.280123,5.7819138,5.910342,7.8353105,6.966125,8.512715,8.437399,8.338532,8.532472,8.904536,9.788789,9.535097,8.708312
,,,,0.38810617,,,2.3212976,4.435504,1.1668481,6.6748376,6.5531664,7.332675,6.023157,5.7167544,7.789703,7.06182,8.466347,8.443149,8.319479,8.533046,8.94815,9.80921,9.5651245,8.655418
,,,,0.22746846,,,2.2226086,4.116896,1.1725167,6.7169085,6.6656666,7.2898283,5.6658916,5.846762,7.8305144,6.9173164,8.510259,8.445425,8.341257,8.540952,8.9290695,9.797428,9.555251,8.702178
,,,,0.2735282,,,2.2738895,4.3594465,1.1287897,6.6839685,6.527977,7.3333073,5.911375,5.6440973,7.7892776,7.0197716,8.453494,8.444164,8.329268,8.508028,8.963121,9.814715,9.577621,8.636609
,,,,0.33470413,,,2.1637638,4.014251,1.1348947,6.7187395,6.6486754,7.2976937,5.5379205,5.782231,7.8224683,6.8685675,8.5059185,8.4520445,8.342474,8.532785,8.949674,9.804956,9.571691,8.690855
,,,,0.20174651,,,2.2050467,4.255195,1.0913155,6.6900625,6.4949117,7.332433,5.786939,5.5678587,7.7861567,6.978201,8.437995,8.442565,8.337468,8.489244,8.973969,9.819334,9.58647,8.609366
,,,,0.24578843,,,2.08214,4.5117292,1.0978339,6.7186623,6.6253057,7.3040113,5.395614,5.714983,7.8106685,6.819143,8.499406,8.45661,8.34245,8.519894,8.96645,9.811696,9.584854,8.671972
,,,,,,,2.1141565,4.326793,1.0544757,6.693413,6.4518623,7.3301544,5.6472387,5.854248,7.77992,6.9365177,8.4191065,8.437285,8.344464,8.4650545,8.980313,9.823272,9.5917425,8.712278
,,,,,,,2.1510458,4.5664387,1.0613673,6.7169876,6.593562,7.308958,5.236184,5.7206497,7.7943134,6.768172,8.49011,8.458126,8.3412,8.501625,8.978994,9.817884,9.594796,8.6814165
,,,,,,,,4.3857574,1.0183007,6.6942067,6.3959374,7.32647,5.489186,5.8553305,7.7698607,6.8939967,8.395668,8.426766,8.350393,8.52313,8.936487,9.826656,9.593097,8.711349
,,,,,,,,4.609366,1.0255189,6.713955,6.5506606,7.312612,5.807283,5.7226577,7.772208,6.7145824,8.477024,8.455105,8.3385,8.518346,8.96788,9.823689,9.601162,8.686911
,,,,,,,,4.4322743,0.9827959,6.6925254,6.323184,7.3212776,5.5237174,5.852955,7.7548857,6.849717,8.365976,8.447327,8.355145,8.529463,8.916373,9.829549,9.589724,8.708355
,,,,,,,,4.6410246,0.9902944,6.7097297,6.492726,7.3149505,5.8372493,5.7216454,7.742627,6.657028,8.458608,8.460393,8.333864,8.530698,8.953095,9.829218,9.603133,8.68982
,,,,,,,,4.466407,0.947934,6.6883326,6.2282295,7.3143706,5.55017,5.847655,7.7333775,6.802486,8.510181,8.444959,8.358343,8.531236,8.892615,9.831942,9.587455,8.70404
,,,,,,,,4.661776,0.95567447,6.7043877,6.4143686,7.315852,5.859826,5.718153,7.655355,6.593774,8.482276,8.462647,8.326485,8.538931,8.934692,9.834497,9.598312,8.690989
,,,,,,,,4.4880357,0.91365117,6.681439,6.1038113,7.3054266,5.5698724,5.839864,7.693569,6.7507195,8.518738,8.440265,8.359289,8.52806,8.864772,9.833742,9.575257,8.698805
,,,,,,,,4.671769,0.92160875,6.697884,6.3081136,7.3150787,5.876268,5.7126293,7.6082063,6.8793616,8.499487,8.462488,8.31515,8.542676,8.912257,9.839482,9.590633,8.69092
,,,,,,,,4.496778,0.87984204,6.67146,6.500837,7.293979,5.5839667,5.8299274,7.6539116,6.7867365,8.520852,8.433514,8.356858,8.521446,8.831913,9.834758,9.560557,8.692816
,,,,,,,,4.6708508,0.8880095,6.6900034,6.3219323,7.3122573,5.887638,5.705448,7.5617476,6.9014826,8.510584,8.460232,8.298071,8.539715,8.884891,9.844021,9.580434,8.68989
,,,,,,,,4.4918714,0.8463544,6.6577344,6.5100713,7.279386,5.593434,5.8181067,7.6147304,6.814907,8.516247,8.424723,8.349351,8.508862,8.79257,9.834669,9.543251,8.686066
,,,,,,,,4.658432,0.8547441,6.6802783,6.3257656,7.3068357,5.894838,5.6969023,7.5159664,6.9158144,8.515329,8.4559555,8.363339,8.532784,8.851156,9.84783,9.567625,8.68799
,,,,,,,,4.472024,0.8129797,6.639201,6.511676,7.2607746,5.5991173,5.804575,7.576123,6.8360906,8.504015,8.413679,8.364785,8.4922905,8.91126,9.832977,9.522834,8.678398
,,,,,,,,4.633311,0.8216218,6.667862,6.319526,7.298033,5.8986397,5.687211,7.470672,6.9227605,8.512868,8.449509,8.368834,8.521847,8.885747,9.850451,9.551732,8.685164
,,,,,,,,4.4352098,0.7794444,6.614226,6.505494,7.236967,5.601751,5.78942,7.5380087,6.850752,8.466438,8.399938,8.375871,8.471197,8.934729,9.828945,9.498386,8.669511
,,,,,,,,4.5934176,0.78837943,6.651346,6.30252,7.284765,5.8997083,5.6765137,7.4255133,6.9222965,8.510267,8.440508,8.371368,8.50641,8.914413,9.851177,9.531852,8.681206
,,,,,,,,4.3784094,0.745397,6.5803194,6.490816,7.2063794,5.601977,5.7726307,7.50015,6.8589287,8.452451,8.382787,8.383696,8.444593,8.952935,9.8215,9.468488,8.658937
,,,,,,,,4.5354953,0.7546602,6.628474,6.273361,7.26553,5.898625,5.6648574,7.379986,6.9139147,8.505368,8.428308,8.3716545,8.485526,8.93814,9.84897,9.506563,8.675736
,,,,,,,,4.6651826,0.71039975,6.600795,6.4662843,7.166874,5.6003647,5.7540784,7.462155,6.860168,8.435358,8.361185,8.389017,8.513984,8.966336,9.809086,9.431075,8.646012
,,,,,,,,4.588467,0.71999574,6.6290007,6.229813,7.2382607,5.895905,5.65218,7.333415,6.896538,8.497867,8.411933,8.370151,8.505461,8.957362,9.842316,9.473767,8.668167
,,,,,,,,4.6900744,0.673929,6.579381,6.429717,7.115565,5.5974274,5.733496,7.423453,6.8534327,8.414349,8.333661,8.392349,8.523346,8.974857,9.854575,9.383206,8.629796
,,,,,,,,4.626178,0.68379664,6.621665,6.1685567,7.2001114,5.892011,5.6382823,7.2849126,6.8683906,8.487076,8.389988,8.367128,8.520619,8.971979,9.849522,9.430424,8.657629
,,,,,,,,4.7010546,0.6971343,6.551406,6.377847,7.048554,5.593636,5.710441,7.383253,6.836951,8.388118,8.298142,8.394032,8.528105,8.92588,9.8539505,9.490177,8.608991
,,,,,,,,4.649916,0.6602548,6.607562,6.084849,7.1471615,5.8873687,5.6227875,7.2333136,6.7237387,8.471854,8.360483,8.362707,8.531613,8.958889,9.852576,9.464201,8.642878
,,,,,,,,4.6998196,0.67366755,6.5178356,6.305922,7.21605,5.589431,5.6842437,7.3404737,6.780249,8.511361,8.411964,8.3942585,8.528252,8.90358,9.850581,9.515327,8.581791
,,,,,,,,4.661035,0.63476413,6.58759,5.9720607,7.1780596,5.882374,5.6050835,7.1770844,6.664774,8.491222,8.380843,8.356885,8.538446,8.942015,9.852762,9.491171,8.622129
,,,,,,,,4.6881194,0.6482019,6.4795227,6.2071505,7.2330017,5.5852294,5.653944,7.2936435,6.7269535,8.514906,8.425441,8.3931,8.509258,8.87721,9.845308,9.535078,8.54569
,,,,,,,,4.6609383,0.6069875,6.5625224,6.422571,7.203349,5.8774066,5.5842395,7.1142025,6.6092653,8.503925,8.398309,8.349538,8.531918,8.921125,9.8509245,9.5131445,8.592868
,,,,,,,,4.6677513,0.62033767,6.4372635,6.2416124,7.2457185,5.5814433,5.4518714,7.2407737,6.676632,8.511267,8.436502,8.390525,8.492313,8.846015,9.838644,9.550816,8.497196
,,,,,,,,4.6510587,0.5765516,6.5330577,6.4438796,7.2242427,5.8728385,5.5202627,7.356726,6.556715,8.50982,8.413555,8.340429,8.520865,8.8954935,9.84759,9.531432,8.551522
,,,,,,,,4.640536,0.58961904,6.391838,6.263613,7.255082,5.578477,5.388278,7.2711964,6.6288834,8.4995985,8.445609,8.386383,8.470436,8.808691,9.830848,9.563514,8.608609
,,,,,,,,4.632819,,6.4998655,6.455487,7.2416654,5.8690357,5.4611073,7.380145,6.506658,8.5081005,8.427072,8.329191,8.504887,8.863846,9.843047,9.546972,8.579384
,,,,,,,,4.608271,,6.3440466,6.2739124,7.2617335,5.5767436,5.3287067,7.2955656,6.5833426,8.460813,8.453052,8.38041,8.522203,8.918701,9.82199,9.573847,8.62618
,,,,,,,,4.6075625,,6.4636126,6.4580665,7.256314,5.8663683,5.405954,7.3982167,6.4586725,8.505064,8.439186,8.315304,8.520461,8.896023,9.837405,9.560423,8.600461
,,,,,,,,4.57264,,6.2947235,6.2726974,7.2661257,5.576664,5.272349,7.314931,6.5396805,8.446726,8.458946,8.372192,8.52679,8.939963,9.81198,9.582236,8.639068
,,,,,,,,4.5764375,,6.424987,6.4517813,7.268709,5.8652143,5.3540916,7.4118094,6.4123697,8.499911,8.450062,8.298045,8.531511,8.922551,9.830613,9.572213,8.616622
,,,,,,,,4.5350842,,6.2447577,6.259546,7.2685595,5.5786753,5.21847,7.3301454,6.4976,8.429738,8.463239,8.361127,8.492645,8.956075,9.800578,9.588896,8.648639
,,,,,,,,4.382894,,6.384704,6.4362335,7.2792273,5.8659577,5.304885,7.421603,6.367386,8.49234,8.4597,8.276434,8.520659,8.944237,9.822481,9.582569,8.629178
,,,,,,,,4.463265,,6.195089,6.2333236,7.269211,5.583233,5.166375,7.341894,6.456831,8.409059,8.465673,8.346372,8.470825,8.9673195,9.787393,9.593833,8.655843
,,,,,,,,4.2599144,,6.343512,6.410365,7.288116,5.8689938,5.25774,7.4281216,6.32338,8.481693,8.467904,8.24914,8.504801,8.961343,9.812664,9.591516,8.639061
,,,,,,,,4.3610773,,6.146708,6.1920204,7.2681346,5.590807,5.1153812,7.350722,6.417121,8.383432,8.465758,8.326747,8.521429,8.908432,9.771854,9.596837,8.6613455
,,,,,,,,4.1105537,,6.302177,6.3722687,7.2955165,5.874721,5.212075,7.431745,6.28002,8.466871,8.474242,8.214343,8.519941,8.944524,9.800646,9.598863,8.646944
,,,,,,,,4.2305517,,6.100632,6.1324863,7.2652764,5.601883,5.0647855,7.3570433,6.3782306,8.505684,8.462687,8.300608,8.525699,8.881277,9.753181,9.597447,8.665623
,,,,,,,,3.9383295,,6.261448,6.318891,7.3014555,5.883532,5.167285,7.4327273,6.236969,8.486598,8.477978,8.16954,8.530692,8.923108,9.785684,9.604161,8.653316
,,,,,,,,4.074352,,6.0578723,6.0500565,7.2604623,5.6169467,5.0138254,7.361155,6.339917,8.509026,8.45523,8.265652,8.492239,8.848726,9.730301,9.594875,8.669008
,,,,,,,,3.747197,,6.2220087,6.245591,7.3058457,5.8957996,5.122701,7.43119,6.1938787,8.4992895,8.477951,8.111265,8.519984,8.896391,9.76675,9.60663,8.65854
,,,,,,,,3.895762,,6.0193777,6.391721,7.253382,5.6364713,4.9616394,7.363235,6.3019238,8.504745,8.462304,8.218631,8.470534,8.939318,9.701753,9.587902,8.671742
,,,,,,,,3.5413268,,6.1843867,6.2758226,7.3084674,5.911848,5.077546,7.4271207,6.150361,8.504745,8.481506,8.302122,8.504265,8.923057,9.742414,9.60505,8.662886
,,,,,,,,3.6985333,,5.9859495,6.396559,7.243566,5.660883,4.907213,7.3633323,6.2639656,8.441695,8.45755,8.242015,8.520472,8.955266,9.665539,9.595367,8.674001
,,,,,,,,3.3248284,,6.1488204,6.291928,7.3089423,5.931912,5.030877,7.420353,6.1059785,8.498293,8.48183,8.313363,8.519219,8.944617,9.710688,9.602804,8.666557
,,,,,,,,3.4866304,,5.9581017,6.3899107,7.2303395,5.690519,4.8493147,7.361352,6.225702,8.422052,8.44996,8.260442,8.524561,8.966077,9.618904,9.585447,8.675907
,,,,,,,,3.1015034,,5.6240973,6.2956595,7.3066897,5.9560785,4.981515,7.4105344,6.0602093,8.488808,8.479303,8.321639,8.52983,8.961323,9.668794,9.597335,8.669715
,,,,,,,,3.2639592,,5.8195405,6.3733716,7.212766,5.7255564,5.0981803,7.357017,6.1867146,8.397813,8.439546,8.275534,8.491822,8.910743,9.7271185,9.573122,8.677555
,,,,,,,,2.8747041,,5.4640503,6.2883883,7.300869,5.9841976,4.989163,7.397081,6.0124154,8.475412,8.473995,8.327981,8.519337,8.945661,9.701302,9.589408,8.672478
,,,,,,,,3.0341582,,5.6724176,6.3482137,7.1895585,5.765917,5.101139,7.349826,6.1464677,8.506536,8.426009,8.288449,8.470404,8.885216,9.75054,9.558682,8.679011
,,,,,,,,2.647302,,5.301274,6.2711554,7.290289,5.432936,4.993118,7.379105,5.9617977,8.491744,8.465674,8.333088,8.503901,8.925754,9.726684,9.579327,8.674948
,,,,,,,,2.800498,,5.5191913,6.315449,7.1589584,5.647988,5.100605,7.338975,6.104263,8.506413,8.40874,8.300022,8.519605,8.854732,9.768536,9.542041,8.680328
,,,,,,,,2.4217489,,5.1381297,6.2447133,7.2732863,5.3163657,4.993987,7.3553214,5.907342,8.501122,8.453798,8.337408,8.518753,8.900981,9.74681,9.567031,8.677202
,,,,,,,,2.5658946,,5.362181,6.2758656,7.118558,5.5349298,5.0970855,7.323262,6.059175,8.498395,8.386761,8.31083,8.523483,8.818068,9.782526,9.522757,8.681539
,,,,,,,,2.2002022,,4.9766526,6.209542,7.247544,5.204989,4.992285,7.3239036,5.847739,8.5030155,8.437462,8.341204,8.52923,8.870145,9.763061,9.552111,8.679308
,,,,,,,,2.3329952,,5.203541,6.230028,7.0650496,5.426053,5.0910006,7.300945,6.009977,8.448085,8.358623,8.32127,8.492048,8.920719,9.793559,9.500031,8.682675
,,,,,,,,1.9846509,,4.8185425,6.1658354,7.209822,5.097899,4.9884434,7.20294,6.13822,8.498172,8.415296,8.344566,8.519178,8.899595,9.776465,9.533794,8.681321
,,,,,,,,2.104304,,5.045224,6.178261,7.306347,5.320605,5.0826845,7.2448363,6.045482,8.431261,8.32226,8.331559,8.471275,8.93981,9.802401,9.472647,8.683761
,,,,,,,,1.7770431,,4.665159,6.113457,7.2318354,4.994196,4.982819,7.1425705,6.159022,8.490877,8.385323,8.34743,8.504348,8.923842,9.787792,9.510877,8.683291
,,,,,,,,1.8823019,,4.8889465,6.120582,7.316244,5.2178063,5.072395,7.191296,6.0734034,8.41088,8.436237,8.34175,8.444964,8.954118,9.809604,9.438839,8.684803
,,,,,,,,1.5793864,,4.517536,6.05185,7.249659,4.893,4.9757,7.084988,6.1719794,8.480592,8.404457,8.349542,8.484013,8.943594,9.797613,9.481578,8.68526
,,,,,,,,1.6695505,,4.736165,6.056598,7.323111,5.1168756,5.060312,7.140225,6.0944085,8.38582,8.448247,8.351699,8.509579,8.963856,9.815564,9.396108,8.685817
,,,,,,,,1.3937941,,4.376397,5.979889,7.2642293,4.7934613,4.967305,7.029845,6.1773467,8.46635,8.42081,8.3504305,8.502201,8.959056,9.80635,9.443337,8.6872635
,,,,,,,,1.4687465,,4.5880523,5.98533,7.327583,5.0170355,5.046538,7.0913997,6.108816,8.501321,8.45796,8.36103,8.5175495,8.968733,9.820543,9.500771,8.686804
,,,,,,,,1.2224516,,4.2421865,5.8880024,7.2762365,4.694751,4.957785,6.97671,6.174978,8.484645,8.435054,8.349326,8.516191,8.969916,9.814298,9.479108,8.689338
,,,,,,,,1.2826782,,4.445508,5.905149,7.330096,4.9175105,5.031095,7.0445104,6.116543,8.503021,8.465827,8.369051,8.521243,8.931323,9.824684,9.526943,8.687763
,,,,,,,,1.3787727,,4.1151094,5.775639,7.286179,4.596056,4.947212,6.9250827,6.164275,8.495841,8.447668,8.345056,8.52634,8.959466,9.821639,9.507876,8.691509
,,,,,,,,1.1781087,,4.309161,5.8084807,7.3309226,4.8175263,5.013907,6.9991755,6.1170363,8.496818,8.472107,8.374653,8.520407,8.911932,9.828015,9.547398,8.6886835
,,,,,,,,1.2614461,,3.995173,5.6522007,7.2944026,4.496569,4.935571,6.874399,6.1441083,8.499543,8.458952,8.352287,8.53242,8.945406,9.828443,9.531435,8.693802
,,,,,,,,1.076986,,4.179399,5.6983094,7.3302083,4.716301,4.994791,6.9549446,6.10918,8.440861,8.476879,8.379847,8.505982,8.888826,9.830447,9.563445,8.689543
,,,,,,,,1.1478199,,3.8822305,5.5205884,7.301128,4.3954825,4.9227386,6.824015,6.1127224,8.49377,8.469038,8.345523,8.527155,8.927688,9.834663,9.551014,8.696227
,,,,,,,,0.9806147,,4.0563993,5.57734,7.3279815,4.6130366,4.973428,6.9112782,6.0911865,8.422697,8.480038,8.380865,8.490728,8.861455,9.831745,9.575924,8.690308
,,,,,,,,1.0394503,,3.7760215,5.383334,7.306462,4.2919674,4.9084516,6.7731795,6.067641,8.485383,8.477876,8.335567,8.51771,8.905792,9.8401,9.567404,8.698789
,,,,,,,,0.8903011,,3.9401655,5.4480433,7.324162,4.5069184,4.9493275,6.867522,6.0604873,8.400652,8.481266,8.378509,8.471142,8.828753,9.831492,9.58528,8.690922
,,,,,,,,0.93789303,,3.676207,5.242629,7.3104105,4.185173,4.8922706,6.720997,5.9744854,8.473722,8.485211,8.32278,8.50392,8.878687,9.8443775,9.581032,8.701471
,,,,,,,,0.80729413,,3.830569,5.312663,7.318558,4.397104,4.9217896,6.8228574,5.9986877,8.373442,8.479983,8.373203,8.446546,8.789077,9.829038,9.591613,8.691299
,,,,,,,,0.84462404,,3.5824015,5.100336,7.312866,4.0742035,4.873514,6.666371,5.914466,8.457664,8.490532,8.307197,8.485145,8.844756,9.84687,9.591983,8.704233
,,,,,,,,0.8997972,,3.7273781,5.1732264,7.3108516,4.2827144,4.889839,6.776248,5.939718,8.498017,8.475267,8.365094,8.415761,8.9012165,9.823399,9.594657,8.691323
,,,,,,,,0.78954244,,3.4941924,4.9580083,7.3136005,3.9580994,4.8511853,6.6079373,5.8580747,8.477831,8.492981,8.288586,8.4602585,8.876162,9.846634,9.599992,8.707001
,,,,,,,,0.8359926,,3.6302927,5.0315337,7.300572,4.162831,4.7574577,6.7263603,5.8829236,8.502211,8.469614,8.354061,8.494977,8.922447,9.81314,9.593744,8.690816
,,,,,,,,0.7364515,,3.4111588,4.8169036,7.3122354,3.8357944,4.798059,6.5439825,5.8046474,8.491257,8.494608,8.266441,8.481491,8.902064,9.842261,9.6043825,8.70965
,,,,,,,,0.7745724,,3.5389683,4.8891554,7.2870626,4.036455,4.7054796,6.6714797,5.827641,8.499082,8.46168,8.339733,8.506324,8.938971,9.848833,9.582669,8.689526
,,,,,,,,0.68638945,,3.332878,4.677994,7.308206,3.7060487,4.749085,6.7911186,5.7535276,8.497762,8.492362,8.239969,8.498318,8.923529,9.848028,9.597039,8.711981
,,,,,,,,0.7167442,,3.453033,4.7474194,7.269417,3.9024484,4.6572986,6.7037086,5.773183,8.487731,8.449914,8.321464,8.513684,8.951389,9.846961,9.56692,8.687103
,,,,,,,,0.6403782,,3.25893,4.541979,7.3007035,4.1627355,4.703661,6.816248,5.7040467,8.496494,8.486356,8.208023,8.511555,8.941155,9.849937,9.5862,8.713698
,,,,,,,,0.6636948,,3.372099,4.6074047,7.2464066,3.9211028,4.612299,6.72987,5.7188263,8.448233,8.433969,8.29828,8.5173435,8.959874,9.842489,9.54781,8.68305
,,,,,,,,0.6967512,,3.188895,4.4092827,7.2885904,4.1803446,4.661273,6.8357034,5.6555085,8.492533,8.476303,8.169024,8.52151,8.955117,9.849127,9.571998,8.71436
,,,,,,,,0.6305583,,3.2957695,4.4699254,7.2163634,3.9343166,4.56995,6.7509117,5.6637855,8.4332285,8.413066,8.268783,8.517056,8.964156,9.836144,9.524942,8.676665
,,,,,,,,0.6574635,,3.1223478,4.2800355,7.270285,4.1924043,4.6214848,6.8502727,5.6071587,8.486536,8.461505,8.120806,8.527971,8.96514,9.846335,9.55405,8.71333
,,,,,,,,0.5992443,,3.2236369,4.3354855,7.1770234,3.9427276,4.5297856,6.767614,5.6071877,8.41546,8.385933,8.231007,8.511978,8.963466,9.828348,9.497407,8.66697
,,,,,,,,0.6203846,,3.058851,4.1540103,7.243593,4.199589,4.5839224,6.8605685,5.55816,8.4782295,8.440771,8.060411,8.530128,8.970442,9.842002,9.53145,8.70969
,,,,,,,,0.5706616,,3.1552784,4.204211,7.125312,3.9469054,4.491393,6.780602,5.5480485,8.394164,8.350659,8.182204,8.513856,8.943063,9.819279,9.4637,8.652584
,,,,,,,,0.5866152,,2.9979403,4.0305133,7.205475,4.202494,4.5482574,6.867039,5.507557,8.466985,8.412281,7.983785,8.529238,8.964597,9.836338,9.502686,8.702127
,,,,,,,,0.6085793,,3.0902498,4.0757184,7.0570474,3.947349,4.454392,6.790353,5.4852366,8.368134,8.459151,8.118514,8.5037365,8.928921,9.808925,9.421576,8.631558
,,,,,,,,0.5650273,,2.9391131,3.9082267,7.1517205,4.2016354,4.5141945,6.869971,5.4542527,8.451749,8.429456,8.234932,8.524647,8.955444,9.829372,9.465455,8.688769
,,,,,,,,0.58235854,,3.0280683,3.9489305,7.2159147,3.9444845,4.4184237,6.797195,5.4174523,8.49076,8.469035,8.146548,8.49033,8.911866,9.797103,9.517251,8.601124
,,,,,,,,0.54528743,,2.8818076,3.7850382,7.1790786,4.1974483,4.48146,6.8694797,5.3969793,8.472311,8.444195,8.250222,8.516691,8.9434,9.820963,9.497047,8.666925
,,,,,,,,0.5584326,,2.9682007,3.8218968,7.2304163,3.938671,4.3831315,6.801299,5.343192,8.494476,8.4768715,8.169229,8.47351,8.891855,9.783459,9.539965,8.711917
,,,,,,,,0.5760643,,2.8253858,3.8855968,7.200968,4.1902966,4.449779,6.865498,5.3342767,8.485553,8.457081,8.262256,8.505287,8.928441,9.810808,9.5228,8.67644
,,,,,,,,0.5431501,,2.9100344,3.7691596,7.2409654,3.930198,4.348142,6.8026605,5.260721,8.490179,8.482996,8.188281,8.452765,8.868435,9.767458,9.557794,8.711627
,,,,,,,,0.5570164,,2.7691004,3.8290713,7.2185683,4.180474,4.4188643,6.85774,5.264474,8.4912,8.468493,8.2721615,8.489973,8.9101515,9.798421,9.544132,8.681961
,,,,,,,,0.5293653,,2.8528547,3.712863,7.2484455,3.919294,4.3130455,6.8010645,5.1965294,8.42864,8.487549,8.204984,8.427193,8.840732,9.748346,9.57173,8.709452
,,,,,,,,,,2.7120676,3.7693768,7.2327867,4.1682086,4.388386,6.8456593,5.178815,8.484244,8.478622,8.280752,8.469899,8.887697,9.783094,9.5619755,8.684947
,,,,,,,,,,2.795801,3.653033,7.2535152,3.9061275,4.277365,6.7960377,5.11215,8.408956,8.490464,8.220303,8.395443,8.8074,9.725085,9.582335,8.70623
,,,,,,,,,,2.6532207,3.7066092,7.244315,4.1536674,4.3579516,6.82838,5.096389,8.474563,8.48746,8.2886095,8.443766,8.859784,9.763834,9.576863,8.686324
,,,,,,,,,,2.7378216,3.5894492,7.2566686,3.8908088,4.24053,6.786776,5.032055,8.385146,8.491457,8.234969,8.483851,8.7665,9.696261,9.589806,8.70247
,,,,,,,,,,2.5912662,3.6406152,7.25369,4.136958,4.3270655,6.8046045,5.0165796,8.461393,8.4947815,8.29614,8.468001,8.824499,9.739258,9.58897,8.686689
,,,,,,,,,,2.677612,3.5216327,7.2582755,3.8733945,4.2018323,6.7720466,4.955539,8.490358,8.489975,8.249541,8.497615,8.884243,9.659944,9.593956,8.698466
,,,,,,,,,,2.5246286,3.5709841,7.261322,4.1181355,4.2950854,6.7724895,4.9387403,8.477816,8.500105,8.303602,8.487199,8.856937,9.707448,9.598107,8.686425
,,,,,,,,,,2.6135433,3.4488356,7.2586107,3.8538873,4.3671746,6.7500606,4.881905,8.489377,8.485122,8.264419,8.506995,8.906531,9.613487,9.594199,8.694371
,,,,,,,,,,2.4514046,3.4970398,7.2675276,4.097198,4.302628,6.651166,4.8622007,8.48668,8.502598,8.311116,8.502424,8.883501,9.665742,9.603681,8.68577
,,,,,,,,,,2.543581,3.3700023,7.2578735,3.8322346,4.3690805,6.687612,4.8104663,8.417087,8.4789,8.279851,8.512494,8.924027,9.726145,9.579593,8.690247
,,,,,,,,,,2.369336,3.41782,7.2725534,4.07409,4.3068304,6.5871477,4.786272,8.478069,8.504545,8.318647,8.514188,8.905503,9.6994,9.5953,8.684871
,,,,,,,,,,2.4652238,3.2836888,7.2562094,3.8083305,4.3675537,6.62915,4.74055,8.394826,8.471354,8.295922,8.51406,8.937584,9.750231,9.56266,8.686086
,,,,,,,,,,2.2758543,3.3319979,7.276585,4.0486994,4.30813,6.527138,4.7102365,8.466279,8.502693,8.32598,8.522467,8.923796,9.725888,9.58335,8.683801
,,,,,,,,,,2.3754854,3.1878662,7.253715,3.7820122,4.3629155,6.574257,4.6714845,8.488546,8.460036,8.312517,8.511052,8.94765,9.768817,9.542195,8.681831
,,,,,,,,,,2.1682394,3.2376664,7.2797647,4.0208592,4.30686,6.4705906,4.6333294,8.479951,8.497146,8.332656,8.526654,8.938845,9.747133,9.567867,8.682575
,,,,,,,,,,2.271009,3.0794992,7.25045,3.753054,4.3553743,6.5225096,4.6025767,8.484286,8.444603,8.329255,8.5058565,8.954313,9.783355,9.5176935,8.677377
,,,,,,,,,,2.385363,3.1318545,7.282194,3.990341,4.3032494,6.416977,4.554708,8.485756,8.487631,8.337899,8.523855,8.9507475,9.764546,9.54836,8.681167
,,,,,,,,,,2.216231,3.2025402,7.2464414,3.7211642,4.3450284,6.4735003,4.533079,8.42361,8.424298,8.345409,8.493616,8.957277,9.794896,9.488107,8.672565
,,,,,,,,,,2.3332226,3.0797684,7.2839437,3.9568474,4.2974124,6.3657923,4.473411,8.478723,8.47347,8.340481,8.517265,8.959214,9.779161,9.523779,8.679488
,,,,,,,,,,2.1537042,3.1521583,7.2416835,3.6859772,4.33185,6.4268374,4.462126,8.404187,8.397884,8.359775,8.4778185,8.95581,9.804181,9.4517565,8.667182
,,,,,,,,,,2.2731495,3.0168912,7.2850533,3.9200091,4.2893386,6.316554,4.388299,8.469149,8.453515,8.317772,8.507053,8.96351,9.791729,9.492421,8.677397
,,,,,,,,,,2.0821917,3.0915701,7.236143,3.6470394,4.3156815,6.382145,4.3886375,8.380902,8.363502,8.360037,8.458165,8.948626,9.811716,9.536875,8.66094
,,,,,,,,,,2.203648,2.940865,7.2855353,3.8793716,4.2788715,6.2687864,4.3218856,8.456326,8.426004,8.307277,8.49297,8.962326,9.80277,9.522297,8.674675
,,,,,,,,,,2.000386,3.0184672,7.2297525,3.6037993,4.296211,6.3390512,4.2945395,8.352411,8.471972,8.357502,8.433944,8.947713,9.817806,9.55731,8.653454
,,,,,,,,,,2.1230447,2.8481762,7.285372,3.8343828,4.2656813,6.2220116,4.230644,8.43907,8.442916,8.295433,8.474357,8.961303,9.812622,9.546579,8.671003
,,,,,,,,,,1.9070406,2.9292605,7.2224097,3.555585,4.272951,6.2971745,4.2048364,8.482733,8.481057,8.353045,8.404007,8.939168,9.822577,9.572729,8.644199
,,,,,,,,,,2.0296276,2.73379,7.2845097,3.7843738,4.249229,6.175728,4.1447678,8.461163,8.457344,8.28277,8.450115,8.957177,9.821443,9.566326,8.665922
,,,,,,,,,,1.8011926,2.8185875,7.213972,3.5015802,4.24522,6.256103,4.1187897,8.488666,8.488044,8.347236,8.486404,8.92841,9.825972,9.583727,8.63247
,,,,,,,,,,1.9218985,2.9212313,7.28286,3.7285352,4.2287216,6.1293836,4.063387,8.476359,8.469875,8.269575,8.473192,8.950791,9.82921,9.582069,8.658779
,,,,,,,,,,1.6824502,2.758628,7.2042418,3.4407864,4.169349,6.215369,4.035654,8.487169,8.493243,8.340416,8.498866,8.915865,9.827733,9.590386,8.617292
,,,,,,,,,,1.7989514,2.8649042,7.280286,3.6658778,4.1861205,6.0823507,3.9856708,8.484551,8.480867,8.255956,8.491472,8.942573,9.835702,9.593855,8.648653
,,,,,,,,,,1.9336206,2.6817415,7.1929617,3.371973,4.1283345,6.174418,3.9546883,8.477408,8.49674,8.3327675,8.506919,8.90162,9.82736,9.557868,8.597329
,,,,,,,,,,1.7250055,2.7917001,7.27659,3.5951836,4.146789,6.0338855,3.9108193,8.484947,8.490456,8.241891,8.505781,8.932642,9.840447,9.580048,8.6342325
,,,,,,,,,,1.8579512,2.5841198,7.1797895,3.2936156,4.090358,6.1325645,3.875159,8.433183,8.498383,8.324346,8.510789,8.885484,9.824032,9.534627,8.570723
,,,,,,,,,,1.6412374,2.6975067,7.2714977,3.514927,4.1102576,5.9830813,3.8380504,8.479664,8.498551,8.22725,8.516357,8.920853,9.842656,9.562007,8.613671
,,,,,,,,,,1.7709078,2.4611037,7.164279,3.2038002,4.0549593,6.0889525,3.7963347,8.41653,8.497761,8.315114,8.510086,8.867002,9.81651,9.506428,8.534891
,,,,,,,,,,1.5472385,2.5770519,7.2646346,3.4231658,4.076138,5.928823,3.7665775,8.4723,8.504812,8.211817,8.522839,8.906807,9.841115,9.53901,8.584352
,,,,,,,,,,1.6718215,2.3076098,7.1458464,3.6973765,4.0217547,6.042493,3.7174804,8.396991,8.494141,8.304942,8.497143,8.845447,9.840834,9.471894,8.486235
,,,,,,,,,,1.4429922,2.4242215,7.2554913,3.4634979,4.0441084,6.143665,3.6955793,8.462516,8.508571,8.1952915,8.517978,8.8898325,9.844716,9.50967,8.542581
,,,,,,,,,,1.5605049,2.564278,7.123725,3.7403827,3.9904218,6.0719023,3.6378586,8.373714,8.480182,8.29363,8.482774,8.819759,9.836795,9.548869,8.601943
,,,,,,,,,,1.3289686,2.3265908,7.2433815,3.4992316,4.013904,6.1662855,3.6241796,8.449601,8.50908,8.177285,8.509311,8.868926,9.844692,9.536535,8.571377
,,,,,,,,,,1.4374206,2.4688745,7.0969057,3.7785833,3.9606884,6.0958385,3.5567443,8.345369,8.470677,8.280889,8.4646225,8.788459,9.830161,9.566544,8.620075
,,,,,,,,,,1.5647267,2.204148,7.2273803,3.530491,3.9853055,6.183438,3.5514364,8.432387,8.505547,8.157312,8.4968195,8.842653,9.841987,9.558398,8.592803
,,,,,,,,,,1.3547128,2.3467991,7.0640574,3.8121202,3.9323244,6.1150045,3.4734545,8.476354,8.456918,8.26634,8.442198,8.749491,9.821486,9.579515,8.633152
,,,,,,,,,,1.476124,2.053833,7.2062383,3.5573485,3.958135,6.195686,3.4763691,8.455077,8.497882,8.134774,8.480062,8.808994,9.837171,9.576005,8.608896
,,,,,,,,,,1.2628338,2.1940181,7.0234065,3.8410776,3.9051318,6.1299753,3.4400406,8.482548,8.438317,8.249494,8.4145775,8.869454,9.811018,9.58807,8.642663
,,,,,,,,,,1.376659,2.3616009,7.1782627,3.5798068,3.9322443,6.203442,3.3840444,8.470645,8.485585,8.108916,8.458163,8.842436,9.830517,9.589593,8.621071
,,,,,,,,,,1.1619078,2.1023147,6.9725857,3.8654704,3.878938,6.1411843,3.3533998,8.48106,8.4138155,8.229714,8.380356,8.892323,9.798759,9.549529,8.649643
,,,,,,,,,,1.2665164,2.2707577,7.141154,3.5977926,3.9075108,6.206953,3.295934,8.478968,8.467683,8.078798,8.429776,8.869426,9.822066,9.573776,8.630323
,,,,,,,,,,1.052398,1.9881684,6.908403,3.885229,3.8535872,6.1489134,3.2710273,8.47102,8.381753,8.206183,8.472034,8.910058,9.784486,9.5237465,8.654808
,,,,,,,,,,1.1462649,2.1549854,7.0917597,3.6111417,3.8838322,6.2062793,3.2110355,8.479218,8.442619,8.043219,8.45365,8.891475,9.811638,9.553278,8.637351
,,,,,,,,,,1.2565612,1.8495852,6.826522,3.9001892,3.8289337,6.153274,3.1916802,8.428207,8.339681,8.177837,8.485983,8.923684,9.767754,9.49229,8.658654
,,,,,,,,,,1.0565438,2.011468,7.025728,3.619586,3.861117,6.201277,3.1284885,8.473811,8.408051,8.000643,8.472859,8.909607,9.798832,9.5271015,8.642653
,,,,,,,,,,1.1587813,1.6858554,7.192846,3.9100776,3.8048337,6.154176,3.1142664,8.41179,8.462185,8.143278,8.495973,8.933809,9.74787,9.560437,8.661527
,,,,,,,,,,0.9582435,1.8385905,7.0595107,3.6227396,3.8392801,6.1915517,3.047595,8.466501,8.423353,7.949078,8.488484,8.924449,9.78301,9.551393,8.646578
,,,,,,,,,,1.050708,2.025283,7.2147074,3.9144986,3.7811334,6.1512885,3.037866,8.392743,8.470649,8.100651,8.502566,8.940691,9.723849,9.575386,8.663663
,,,,,,,,,,0.85219926,1.7272059,7.0873976,3.6200821,3.8182313,6.176412,2.9678278,8.456996,8.436177,7.885917,8.501108,8.936275,9.7632265,9.570924,8.649366
,,,,,,,,,,0.9330796,1.9099542,7.2323213,3.9129152,3.75766,6.1439843,2.961777,8.37029,8.477324,8.0474825,8.505847,8.944241,9.694323,9.585561,8.665216
,,,,,,,,,,1.0285318,1.5938073,7.1105976,3.6109393,3.797866,6.154797,2.888835,8.444659,8.447244,7.8077254,8.510847,8.945014,9.738147,9.586101,8.651179
,,,,,,,,,,0.8397372,1.7684914,7.246623,3.9046314,3.734204,6.1312613,2.88557,8.343219,8.482708,7.9804277,8.505393,8.943989,9.65741,9.543874,8.666284
,,,,,,,,,,0.9255805,1.438732,7.1300364,3.5944557,3.7780502,6.1251917,2.8710418,8.428435,8.457091,7.7099485,8.517328,8.950212,9.705912,9.569406,8.652114
,,,,,,,,,,0.73981416,1.6004893,7.2583203,3.8887632,3.7105029,6.111659,2.7998862,8.469573,8.4871235,7.8949504,8.500181,8.939025,9.610537,9.517196,8.666918
,,,,,,,,,,0.81386286,1.802493,7.1464205,3.5695682,3.7585983,6.0228357,2.789868,8.450732,8.466097,8.072054,8.519563,8.950952,9.663928,9.547988,8.652216
,,,,,,,,,,0.90193826,1.4928819,7.267951,3.8642087,3.785038,6.0500607,2.7193925,8.474618,8.4907675,7.93906,8.504527,8.927853,9.725058,9.4846735,8.667127
,,,,,,,,,,0.7238094,1.6887805,7.1602936,3.5349638,3.7624075,5.9612556,2.7130961,8.465444,8.47451,8.099334,8.519181,8.945717,9.697305,9.520722,8.651482
,,,,,,,,,,0.8016797,1.3656832,7.2759213,3.8296063,3.7820017,5.9929786,2.6430316,8.471343,8.493704,7.975025,8.495168,8.938431,9.7487755,9.556316,8.666892
,,,,,,,,,,0.62914044,1.550428,7.172066,3.4890347,3.762393,5.9040923,2.639533,8.472291,8.482463,8.121296,8.515265,8.947064,9.723765,9.546132,8.649864
,,,,,,,,,,0.6946123,1.2202041,7.2825427,3.7832828,3.774831,5.939871,2.5699666,8.407832,8.495873,8.005318,8.482876,8.932356,9.767165,9.572364,8.66615
,,,,,,,,,,0.7734164,1.3882666,7.1820507,3.4298189,3.7586477,5.850725,2.568268,8.464135,8.489962,8.139665,8.508301,8.94522,9.7451935,9.566673,8.647268
,,,,,,,,,,0.60762686,1.6043,7.288047,3.7231836,3.7635233,5.8902507,2.4995546,8.387066,8.497078,8.031819,8.467688,8.924134,9.7816305,9.583629,8.6648035
,,,,,,,,,,0.67530507,1.2861383,7.190476,3.3549347,3.7511017,5.800598,2.4986603,8.453418,8.496874,8.155727,8.498369,8.941158,9.762956,9.582865,8.643547
,,,,,,,,,,0.51829344,1.4932889,7.292613,3.646789,3.747935,5.8436913,2.4313123,8.36239,8.496947,8.055992,8.449295,8.914321,9.793173,9.537862,8.662708
,,,,,,,,,,,1.1673384,7.1975064,4.0104914,3.7395165,5.753221,2.430331,8.439402,8.502897,8.17046,8.485212,8.935439,9.77804,9.564702,8.638487
,,,,,,,,,,,1.3597981,7.296368,3.7349043,3.7277815,5.7998195,2.3648567,8.469312,8.494892,8.078988,8.427047,8.903148,9.802473,9.509239,8.659658
,,,,,,,,,,,1.6089174,7.2032495,4.105216,3.7234726,5.708152,2.3631377,8.457065,8.507505,8.184598,8.468235,8.928324,9.791138,9.541405,8.631797
,,,,,,,,,,,1.2908624,7.299402,3.819267,3.702643,5.758305,2.2998247,8.469019,8.490021,8.101723,8.399932,8.890591,9.809958,9.4741745,8.655375
,,,,,,,,,,,1.5347434,7.207763,4.1955686,3.702375,5.6649942,2.297099,8.466827,8.509877,8.19869,8.446484,8.919829,9.802695,9.511649,8.623087
,,,,,,,,,,,1.2067542,7.30177,3.8997474,3.6759725,5.7188587,2.3026288,8.396408,8.487994,8.124912,8.366515,8.876402,9.815829,9.55036,8.649478
,,,,,,,,,,,1.4392828,7.2110567,4.281429,3.6670794,5.6233764,2.2301812,8.457329,8.513542,8.213107,8.418582,8.909765,9.812941,9.53775,8.611832
,,,,,,,,,,,1.1078569,7.30349,3.9761648,3.642777,5.681215,2.2365496,8.373611,8.481398,8.149085,8.324831,8.860124,9.820068,9.567469,8.641459
,,,,,,,,,,,1.3232636,7.21309,4.3626275,3.6337314,5.582938,2.1672454,8.444937,8.51298,8.228045,8.382617,8.897728,9.821886,9.559139,8.597335
,,,,,,,,,,,1.5964445,7.304548,4.0482707,3.6114757,5.645115,2.173578,8.466797,8.470644,8.174577,8.438217,8.84105,9.822419,9.580096,8.63063
,,,,,,,,,,,1.2784171,7.213772,4.4389296,3.6019347,5.543312,2.107335,8.459329,8.508353,8.243496,8.409583,8.883074,9.829306,9.57648,8.578677
,,,,,,,,,,,1.540935,7.3048863,4.115724,3.5816925,5.610294,2.1129665,8.379082,8.455421,8.201492,8.455477,8.818178,9.822347,9.588462,8.616069
,,,,,,,,,,,1.2200896,7.212945,4.5100093,3.5713363,5.504096,2.0496504,8.447612,8.499426,8.259193,8.431001,8.864859,9.834689,9.5899515,8.554631
,,,,,,,,,,,1.4662294,7.3043966,4.1780767,3.5530903,5.576457,2.0541718,8.465563,8.434978,8.229644,8.468518,8.790114,9.818956,9.549702,8.596538
,,,,,,,,,,,1.7591377,7.2103744,4.5754323,3.5416179,5.464827,1.9934571,8.460292,8.48554,8.274542,8.448459,8.841736,9.837169,9.574039,8.523573
,,,,,,,,,,,1.469383,7.3029056,4.2347465,3.5253603,5.5432444,,8.383986,8.408052,8.258472,8.478452,8.754926,9.826112,9.523788,8.570374
,,,,,,,,,,,1.747137,7.205727,4.634631,3.5124865,5.4249396,,8.449444,8.46554,8.154677,8.463059,8.811809,9.836866,9.55345,8.483348
,,,,,,,,,,,1.4591583,7.3001456,4.284997,3.4982126,5.5102,,8.359173,8.372731,8.23934,8.485985,8.866715,9.817217,9.49225,8.535358
,,,,,,,,,,,1.7167962,7.198533,4.6868844,3.4836624,5.5712585,,8.435347,8.437619,8.119645,8.475538,8.8431425,9.832595,9.527233,8.431108
,,,,,,,,,,,1.999686,7.295733,4.3279066,3.4713657,5.5305734,,8.464169,8.326203,8.216406,8.491504,8.887404,9.80496,9.560623,8.488534
,,,,,,,,,,,1.7639444,7.188149,4.7312846,3.454876,5.5842695,,8.452622,8.399084,8.081406,8.486326,8.868092,9.8249655,9.551594,8.5554
,,,,,,,,,,,2.0228696,7.2891116,4.362334,3.4445384,5.546172,,8.463414,8.457535,8.189902,8.495094,8.903005,9.789514,9.575561,8.526054
,,,,,,,,,,,1.7942823,7.173683,4.7667017,,5.592008,,8.461981,8.41288,8.039668,8.495566,8.888122,9.814169,9.5712185,8.580944
,,,,,,,,,,,2.025971,7.279492,4.3868814,,5.5572867,,8.3924465,8.464648,8.159645,8.496531,8.914485,9.770673,9.518389,8.556408
,,,,,,,,,,,2.261621,7.1539087,4.791744,,5.59459,,8.452441,8.424099,7.99374,8.503097,8.9042015,9.800037,9.548989,8.601301
,,,,,,,,,,,2.0935993,7.2657523,4.3998446,,5.5640707,,8.369778,8.470048,8.125067,8.495211,8.922388,9.74786,9.574019,8.581656
,,,,,,,,,,,2.2969024,7.127129,4.804703,,5.5919576,,8.44013,8.433522,7.94253,8.508379,8.916897,9.782026,9.569265,8.617974
,,,,,,,,,,,2.1384585,7.2463074,4.3991485,,5.56651,,8.460559,8.474276,8.085222,8.490036,8.926899,9.720092,9.515471,8.603278
,,,,,,,,,,,2.3099475,7.090985,4.8034816,,5.583839,,8.4541235,8.4417305,7.8845186,8.510363,8.926407,9.759191,9.546612,8.632016
,,,,,,,,,,,2.1620026,7.2189035,4.3822765,,5.564388,,8.375313,8.477716,8.038738,8.479206,8.927834,9.685901,9.57262,8.62235
,,,,,,,,,,,2.3039265,7.0421734,4.7855086,,5.5697103,,8.4426,8.44916,7.8176937,8.507283,8.932572,9.730085,9.567412,8.644153
,,,,,,,,,,,2.442968,7.1803308,5.251001,,5.5572386,,8.349601,8.480634,7.9837403,8.505667,8.924617,9.643197,9.512583,8.63965
,,,,,,,,,,,2.3418264,7.2687664,4.9984593,,5.5487366,,8.427716,8.456132,7.7394347,8.512186,8.93483,9.692632,9.544235,8.6548605
,,,,,,,,,,,2.4537456,7.2098894,5.455451,,5.544301,,8.459281,8.483196,7.9177127,8.502141,8.91619,9.746077,9.571229,8.655738
,,,,,,,,,,,2.360803,7.2793255,5.2090216,,5.5197167,,8.446236,8.462879,7.646355,8.51356,8.93212,9.722929,9.565476,8.664417
,,,,,,,,,,,2.4469833,7.23159,5.653603,,5.5244584,,8.459935,8.48549,7.8373084,8.49638,8.9008665,9.766915,9.509444,8.670981
,,,,,,,,,,,2.5281057,7.2837462,5.4166317,,5.460454,,8.456936,8.469551,7.5341086,8.51245,8.922735,9.747527,9.541627,8.672906
,,,,,,,,,,,2.4667544,7.2468834,5.8449726,,5.4688487,,8.451497,8.487519,7.73809,8.488985,8.922562,9.783183,9.569702,8.685571
,,,,,,,,,,,2.519497,7.2831063,5.620677,,5.406678,,8.459056,8.476222,7.943243,8.5094795,8.926223,9.767916,9.563258,8.680217
,,,,,,,,,,,2.4629383,7.256857,6.0290465,,5.4174967,,8.405311,8.489206,7.78836,8.48024,8.918812,9.795925,9.581905,8.699506
,,,,,,,,,,,2.4906723,7.278196,5.820435,,5.35704,,8.4523115,8.482879,7.976511,8.504983,8.926492,9.785113,9.580438,8.685996
,,,,,,,,,,,2.43894,7.262322,6.2052274,,5.3698363,,8.387833,8.49037,7.831707,8.470199,8.912987,9.805773,9.533772,8.712547
,,,,,,,,,,,2.4474177,7.2695856,6.015016,,5.3109474,,8.443892,8.489407,8.005165,8.4990635,8.924591,9.799755,9.561586,8.6895895
,,,,,,,,,,,2.4601755,7.263878,6.372781,,5.325394,,8.367962,8.4907,7.8704996,8.458722,8.905726,9.813012,9.504414,8.724156
,,,,,,,,,,,2.416211,7.257682,6.203309,,5.267905,,8.43349,8.4955635,8.030893,8.491644,8.921165,9.812127,9.537572,8.689924
,,,,,,,,,,,2.4236107,7.261965,6.5307837,,5.2837696,,8.344922,8.489713,7.9066033,8.445505,8.897365,9.817583,9.468545,8.733366
,,,,,,,,,,,2.3797996,7.2427635,6.3839297,,5.2275023,,8.420479,8.500925,8.054987,8.482474,8.916572,9.822188,9.507028,8.685346
,,,,,,,,,,,2.3842962,7.2568946,6.678075,,5.2446423,,8.317524,8.486687,7.9414954,8.430064,8.8880005,9.819067,9.547322,8.738631
,,,,,,,,,,,2.3405008,7.2250056,6.5551825,,5.1894035,,8.403824,8.504833,8.078417,8.471135,8.9109535,9.829533,9.533939,8.67336
,,,,,,,,,,,2.3404818,7.248877,6.813202,,5.2077556,,8.284037,8.480562,7.97634,8.411726,8.877547,9.8051,9.565136,8.7375555
,,,,,,,,,,,2.2968493,7.204502,6.715021,,5.1533337,,8.381978,8.506291,8.101887,8.457008,8.904279,9.823362,9.556075,8.764869
,,,,,,,,,,,2.2890527,7.2380424,6.934348,,5.172911,,8.4408865,8.4916115,8.012013,8.389584,8.865753,9.789538,9.578431,8.7436695
,,,,,,,,,,,2.2811196,7.1812763,6.8610168,,5.1190777,,8.410994,8.512801,8.125836,8.439242,8.896351,9.812891,9.574136,8.760427
,,,,,,,,,,,2.2280195,7.2244463,7.0392394,,5.139962,,8.453995,8.488622,8.049113,8.362432,8.85219,9.769645,9.58746,8.745747
,,,,,,,,,,,2.1958723,7.155289,6.9902945,,5.086465,,8.433005,8.515483,8.150423,8.416687,8.886805,9.798155,9.588326,8.754263
,,,,,,,,,,,2.1362836,7.208082,6.8297787,,5.108811,,8.460033,8.482205,8.087919,8.328684,8.836224,9.744954,9.5466175,8.745361
,,,,,,,,,,,2.0760286,7.1264424,7.0087094,,5.055369,,8.448373,8.514741,8.175469,8.387805,8.875072,9.778713,9.571766,8.747302
,,,,,,,,,,,2.011106,7.1888814,6.8563294,,5.0794015,,8.458693,8.472379,8.128326,8.286232,8.816967,9.714502,9.519973,8.743516
,,,,,,,,,,,1.9275302,7.0945773,7.030079,,5.0256934,,8.456841,8.51067,7.9723535,8.350535,8.860314,9.753626,9.550483,8.740112
,,,,,,,,,,,1.8598702,7.1667156,6.8864765,,5.051716,,8.448992,8.458836,8.092268,8.414579,8.79318,9.6767435,9.487629,8.740852
,,,,,,,,,,,1.7656679,7.059476,7.0536847,,4.9973745,,8.457488,8.503048,7.9171567,8.382253,8.8413515,9.721361,9.523491,8.733022
,,,,,,,,,,,1.6980659,7.14139,6.919412,,5.0257707,,8.42915,8.440934,8.051357,8.435475,8.763146,9.765878,9.558293,8.737774
,,,,,,,,,,,1.6077714,7.0208497,7.078857,,4.970371,,8.44859,8.491329,7.857107,8.407142,8.816503,9.748112,9.548526,8.726205
,,,,,,,,,,,1.5415503,7.112637,6.9544015,,5.0016146,,8.414876,8.417623,8.005161,8.451245,8.724468,9.783321,9.573852,8.734524
,,,,,,,,,,,1.4663519,6.9783316,7.104974,,4.9446526,,8.444003,8.474568,7.791142,8.427181,8.783387,9.770154,9.568819,8.719736
,,,,,,,,,,,1.4009851,7.080107,6.990781,,4.979321,,8.401823,8.387338,7.9527206,8.463315,8.840771,9.796703,9.51439,8.731245
,,,,,,,,,,,1.3481575,6.931463,7.1314573,,4.920193,,8.438339,8.451315,7.7176633,8.443762,8.8123,9.788521,9.545828,8.713632
,,,,,,,,,,,1.2821523,7.0433493,7.02794,,4.95898,,8.387848,8.347803,7.892543,8.472634,8.86005,9.80661,9.572235,8.728009
,,,,,,,,,,,1.2563635,6.879676,7.1577573,,4.8969536,,8.431826,8.419422,7.6345,8.457846,8.834968,9.803779,9.566769,8.707852
,,,,,,,,,,,1.1882864,7.0017943,7.0653067,,4.9406853,,8.372886,8.295758,7.8225336,8.479798,8.874722,9.813192,9.511324,8.724838
,,,,,,,,,,,1.1920938,6.8222733,7.1833324,,4.8748546,,8.424501,8.375747,7.5388303,8.470065,8.853022,9.816078,9.543315,8.702346
,,,,,,,,,,,1.1211821,6.954729,7.102327,,4.9245105,,8.356667,8.441168,7.739889,8.485096,8.885958,9.816171,9.570734,8.721724
,,,,,,,,,,,1.1547753,6.758405,7.207623,,4.853736,,8.416208,8.388809,7.4270678,8.480762,8.867632,9.82514,9.564776,8.697025
,,,,,,,,,,,1.0811728,6.901267,7.1384287,,4.9104705,,8.33871,8.447236,7.6409287,8.48853,8.894576,9.798448,9.5082245,8.718634
,,,,,,,,,,,1.1420677,6.6870375,7.230016,,4.9291177,,8.406593,8.398856,7.2947206,8.49,8.879638,9.818411,9.540749,8.691799
,,,,,,,,,,,1.0668383,6.8403096,7.1729903,,4.9198527,,8.318285,8.451407,7.520881,8.489783,8.901137,9.782985,9.569203,8.715514
,,,,,,,,,,,1.149781,6.606924,7.249801,,4.9328785,,8.395066,8.406781,7.762286,8.497527,8.889626,9.807897,9.562651,8.686556
,,,,,,,,,,,1.074765,6.77051,7.205294,,4.9256487,,8.294346,8.454307,7.573787,8.488137,8.905997,9.763668,9.504789,8.712298
,,,,,,,,,,,1.1718948,6.516572,7.2661133,,4.932689,,8.380737,8.413247,7.798817,8.502689,8.897988,9.793577,9.537874,8.681172
,,,,,,,,,,,1.0994285,6.69023,7.2344613,,4.9279585,,8.265435,8.456382,7.619633,8.482339,8.909338,9.740027,9.56748,8.708901
,,,,,,,,,,,1.2008466,6.414219,7.277851,,4.928539,,8.362313,8.418745,7.8305216,8.504278,8.904953,9.775017,9.560165,8.675515
,,,,,,,,,,,1.1333894,6.5974984,7.25938,,4.92682,,8.229515,8.4579525,7.660853,8.491625,8.911188,9.71115,9.580356,8.705224
,,,,,,,,,,,,6.2978086,7.2835746,,4.9203362,,8.337936,8.423655,7.8592134,8.505007,8.910588,9.751331,9.5780525,8.669425
,,,,,,,,,,,,6.489988,7.278582,,4.9221916,,8.410135,8.459255,7.699423,8.482699,8.911409,9.675606,9.529483,8.701145
,,,,,,,,,,,,6.164988,7.2813497,,4.907885,,8.373214,8.428265,7.886337,8.501712,8.914806,9.721113,9.558254,8.662722
,,,,,,,,,,,,6.3649974,7.290098,,4.9139357,,8.429275,8.460452,7.736971,8.470655,8.909695,9.63132,9.498946,8.696519
,,,,,,,,,,,,6.0131226,7.2685323,,4.890867,,8.400933,8.4328,7.9130416,8.495151,8.917332,9.682293,9.533118,8.655192
,,,,,,,,,,,,6.219481,7.291224,,4.901804,,8.441258,8.461658,7.774849,8.455749,8.905506,9.737241,9.4616585,8.69117
,,,,,,,,,,,,5.8393207,7.241463,,4.868815,,8.421901,8.437441,7.940237,8.485617,8.917665,9.711763,9.5012045,8.646586
,,,,,,,,,,,,6.050101,7.27819,,4.8854184,,8.446238,8.462946,7.8141613,8.437858,8.898024,9.757439,9.543397,8.68488
,,,,,,,,,,,,5.6404657,7.2786527,,4.8410864,,8.4363165,8.442323,7.9686017,8.473032,8.915004,9.735919,9.528721,8.636597
,,,,,,,,,,,,5.8532934,7.2852674,,4.8642573,,8.443745,8.464349,7.8557744,8.416512,8.88603,9.773374,9.561864,8.677377
,,,,,,,,,,,,6.1343493,7.284931,,4.806823,,8.443776,8.447543,7.9985723,8.45699,8.908143,9.756174,9.551506,8.624848
,,,,,,,,,,,,5.850123,7.2897596,,4.8376255,,8.432627,8.465858,7.9002895,8.390906,8.86777,9.78602,9.575899,8.668319
,,,,,,,,,,,,6.127708,7.290205,,4.810293,,8.443185,8.453159,8.030302,8.436742,8.895309,9.773484,9.570303,8.610875
,,,,,,,,,,,,5.832507,7.291941,,4.7908545,,8.4108925,8.467417,7.9479823,8.359856,8.8407,9.7959585,9.585805,8.657272
,,,,,,,,,,,,6.1076145,7.29455,,4.7660527,,8.43262,8.459176,8.063581,8.41117,8.87391,9.788428,9.585369,8.59409
,,,,,,,,,,,,5.800384,7.291795,,4.747902,,8.401525,8.468898,7.998715,8.321724,8.893575,9.803419,9.591386,8.643682
,,,,,,,,,,,,6.0738215,7.2978053,,4.7254267,,8.427384,8.465533,7.813272,8.378696,8.883818,9.801247,9.59648,8.573753
,,,,,,,,,,,,5.7532444,7.289034,,4.7081623,,8.388284,8.470094,7.955977,8.431596,8.89585,9.808291,9.563151,8.62683
,,,,,,,,,,,,6.0256133,7.2995825,,4.6878276,,8.421204,8.472083,7.752031,8.40674,8.889162,9.81184,9.584253,8.548923
,,,,,,,,,,,,5.6901164,7.283091,,4.6711407,,8.374418,8.4706745,7.9095774,8.449246,8.895376,9.810094,9.542296,8.605789
,,,,,,,,,,,,5.9617867,7.2992406,,4.6527805,,8.414376,8.478554,7.687735,8.429513,8.891515,9.819743,9.568504,8.518381
,,,,,,,,,,,,5.609537,7.273077,,4.636435,,8.359948,8.47014,7.859251,8.462679,8.893241,9.794387,9.517608,8.579354
,,,,,,,,,,,,5.880619,7.295837,,4.6199,,8.407023,8.484502,7.6195436,8.448426,8.891921,9.814028,9.548919,8.480571
,,,,,,,,,,,,5.509511,7.2576995,,4.6037216,,8.3447275,8.467754,7.804256,8.47277,8.890152,9.779646,9.488229,8.545952
,,,,,,,,,,,,5.77982,7.2880354,,4.588876,,8.399097,8.489248,7.5461655,8.464367,8.891073,9.804324,9.524643,8.433477
,,,,,,,,,,,,5.38745,7.23514,,4.572739,,8.328433,8.4624405,7.7434077,8.479926,8.886562,9.760994,9.452704,8.503531
,,,,,,,,,,,,5.6564755,7.273969,,4.5594606,,8.390403,8.491772,7.465872,8.47778,8.88943,9.790746,9.494216,8.374495
,,,,,,,,,,,,5.240092,7.2028666,,4.543286,,8.310564,8.479631,7.6750555,8.484115,8.882757,9.738087,9.408862,8.449423
,,,,,,,,,,,,5.5069547,7.2510424,,4.531456,,8.380558,8.499194,7.3764725,8.48868,8.887297,9.772982,9.455418,8.542465
,,,,,,,,,,,,5.0633836,7.157374,,4.5152006,,8.290387,8.4776125,7.59704,8.484805,8.878912,9.71014,9.510596,8.503045
,,,,,,,,,,,,5.3267865,7.2156434,,4.5047097,,8.368978,8.502852,7.275256,8.49659,8.884872,9.750276,9.4887905,8.582062
,,,,,,,,,,,,5.664277,7.248663,,4.4883637,,8.266891,8.472345,7.5066,8.4672165,8.875132,9.67587,9.534633,8.548136
,,,,,,,,,,,,5.3470526,7.234856,,4.479105,,8.354794,8.503222,7.158925,8.489934,8.882287,9.721372,9.516321,8.61506
,,,,,,,,,,,,5.679233,7.25911,,4.4626904,,8.238668,8.463931,7.400254,8.45026,8.8714695,9.633387,9.553727,8.587098
,,,,,,,,,,,,5.3473535,7.2478337,,4.4545555,,8.33677,8.500482,7.023507,8.479023,8.879622,9.684386,9.539404,8.643212
,,,,,,,,,,,,5.67486,7.2655354,,4.4381256,,8.203782,8.452186,7.273662,8.429188,8.867949,9.738124,9.568821,8.621686
,,,,,,,,,,,,5.326704,7.255843,,4.4310017,,8.313145,8.4945345,6.8643117,8.463934,8.876932,9.71388,9.558916,8.667745
,,,,,,,,,,,,5.6501384,7.268907,,4.41464,,8.385901,8.436634,7.121496,8.403557,8.864575,9.758076,9.580399,8.653174
,,,,,,,,,,,,5.283489,7.259713,,4.4084125,,8.350221,8.485002,7.4205084,8.444275,8.874248,9.738225,9.575307,8.689452
,,,,,,,,,,,,5.603344,7.2698345,,4.3922315,,8.406005,8.416464,7.175318,8.372457,8.861342,9.773803,9.588526,8.682424
,,,,,,,,,,,,5.2153463,7.2599006,,4.386775,,8.379222,8.471182,7.4586797,8.419192,8.87159,9.758734,9.588622,8.7087345
,,,,,,,,,,,,5.531927,7.268628,,4.370921,,8.418369,8.390452,7.2189918,8.456073,8.858239,9.7861595,9.592842,8.70992
,,,,,,,,,,,,5.119035,7.2565327,,4.3661017,,8.400924,8.451965,7.4893217,8.442434,8.868967,9.776241,9.598481,8.72558
,,,,,,,,,,,,5.4323606,7.265314,,4.3507557,,8.423074,8.356821,7.255159,8.468809,8.855246,9.795581,9.566,8.735747
,,,,,,,,,,,,4.99029,7.2494082,,4.346425,,8.415457,8.425704,7.514552,8.461564,8.866386,9.791177,9.586454,8.73951
,,,,,,,,,,,,5.299958,7.259633,,4.331808,,8.419508,8.313031,7.2859817,8.47753,8.852346,9.802105,9.544981,8.759508
,,,,,,,,,,,,5.673153,7.2379584,,4.327798,,8.422277,8.389993,7.5360875,8.477138,8.863854,9.803582,9.570653,8.749437
,,,,,,,,,,,,5.3768573,7.2509875,,4.3141747,,8.406298,8.25546,7.3132706,8.427262,8.8495245,9.805364,9.519964,8.780201
,,,,,,,,,,,,5.7407355,7.221179,,4.310296,,8.420072,8.341336,7.5553493,8.46125,8.861374,9.813096,9.550848,8.755562
,,,,,,,,,,,,5.4351068,7.2383614,,4.297981,,8.3736725,8.41173,7.338577,8.399988,8.846762,9.784561,9.490152,8.768474
,,,,,,,,,,,,5.7902017,7.197496,,4.29402,,8.412443,8.352823,7.57355,8.440245,8.858945,9.806366,9.526246,8.732669
,,,,,,,,,,,,5.4742465,7.2201767,,4.283385,,8.356369,8.416081,7.3632665,8.466949,8.844041,9.769019,9.454132,8.753302
,,,,,,,,,,,,5.821319,7.1645637,,4.279093,,8.403683,8.361176,7.591751,8.45973,8.856573,9.795855,9.495423,8.707381
,,,,,,,,,,,,5.493378,7.1940804,,4.2705774,,8.337721,8.418564,7.388569,8.4758835,8.841346,9.749691,9.409757,8.735295
,,,,,,,,,,,,5.83334,7.179976,,4.2656617,,8.3937845,8.367307,7.610897,8.475582,8.854262,9.78159,9.456184,8.679751
,,,,,,,,,,,,5.491034,7.2064023,,4.259786,,8.317347,8.419801,7.415619,8.42582,8.838659,9.726164,9.511161,8.714587
,,,,,,,,,,,,5.8248754,7.1749964,,4.2539034,,8.382497,8.37188,7.6318436,8.459881,8.852018,9.763191,9.489053,8.649455
,,,,,,,,,,,,5.465031,7.210088,,4.2512817,,8.294576,8.420232,7.4454713,8.398904,8.835965,9.697594,9.534818,8.690937
,,,,,,,,,,,,5.7937455,7.1637554,,4.244015,,8.369295,8.375383,7.655368,8.439192,8.849841,9.739846,9.516287,8.615842
,,,,,,,,,,,,5.4123063,7.2070904,,4.245374,,8.268405,8.420172,7.479109,8.366127,8.833242,9.662648,9.553688,8.663769
,,,,,,,,,,,,5.7367964,7.147836,,4.2362156,,8.3533325,8.378187,7.682154,8.412683,8.847739,9.710253,9.539219,8.577943
,,,,,,,,,,,,5.328716,7.1988826,,4.242415,,8.237396,8.4198475,7.5174327,8.4499,8.830465,9.619393,9.568668,8.632183
