V_Values_0,V_Values_20000,V_Values_40000,V_Values_60000,V_Values_80000,V_Values_100000,V_Values_120000,V_Values_140000,V_Values_160000,V_Values_180000,V_Values_200000,V_Values_220000,V_Values_240000,V_Values_260000,V_Values_280000,V_Values_300000,V_Values_320000,V_Values_340000,V_Values_360000,V_Values_380000,V_Values_400000,V_Values_420000,V_Values_440000,V_Values_460000,V_Values_480000,V_Values_500000
-0.14299017,5.509392,8.661608,9.2963505,4.771828,4.471543,4.831875,7.3378544,7.862033,4.6208496,6.4046593,4.479209,8.854589,5.1221204,6.650223,5.8150377,4.3534703,7.9578056,5.8011103,5.973527,4.905875,6.8363523,5.2101884,6.184721,9.286552,6.8997188
-0.14968616,5.412213,8.769525,9.21028,4.4093704,4.390355,4.7943916,7.315466,7.829529,4.8608656,6.111065,4.4828396,7.4836216,4.944196,6.643372,5.8469,4.279279,8.04995,5.716465,6.29862,4.901531,6.843063,4.7559667,6.0752754,9.465121,6.338496
-0.15403283,5.4956117,8.744887,9.307023,4.5009146,4.410535,4.880844,7.3108587,7.9794426,4.6092052,5.9090385,4.469725,7.5357904,4.9100986,6.635494,5.893919,4.2320995,8.187941,5.684475,6.4051867,4.891674,6.8246703,5.05169,6.155475,9.470891,6.21272
-0.15637629,5.400069,8.648031,9.221205,4.051285,4.3334484,4.8322945,7.278148,7.879963,4.811082,5.7396717,4.463536,8.492197,4.7895083,6.6290526,5.9053974,4.1676226,8.169161,5.7004967,6.744602,4.8897038,6.838866,5.0497994,5.958935,9.239067,6.3138304
-0.1572528,5.4851475,8.707587,9.321801,4.1299043,4.350916,4.9320974,7.2678256,8.03947,4.554349,5.64657,4.449397,7.7339106,4.7524543,6.6182833,5.9295897,4.130942,8.250847,5.6418247,6.8215017,4.8812976,6.8181334,5.100635,6.0510216,9.36815,6.3345513
-0.15723819,5.391624,8.613189,9.237457,4.3339667,4.2761164,4.8679447,7.2238264,7.8874817,4.7199354,5.587345,4.4358897,8.816632,4.6788225,6.6126547,5.9301167,4.0716166,8.144169,5.653673,6.988633,4.88017,6.8360863,5.3599844,5.929492,8.683341,6.619467
-0.15686107,5.477863,8.671211,9.341244,4.0052276,4.2918053,4.9846983,7.2042837,8.059368,4.463422,5.5404196,4.418397,8.074121,4.645158,6.598754,5.9402914,4.0438976,8.195466,5.586788,7.056815,4.8732233,6.813809,5.2623596,6.0218086,9.142715,6.6808023
-0.15657467,5.3867974,8.580151,9.25965,4.209088,4.2193117,4.9006863,7.1483884,7.8686733,4.5943313,5.5143366,4.3990874,9.0633745,4.6024694,6.5942364,5.9370747,3.993755,7.9972725,5.5930495,7.09466,4.8723183,6.833561,5.507252,5.680382,8.617389,6.997489
-0.15675405,5.4736686,8.635369,9.36574,3.8774424,4.2332745,5.0372944,7.1171236,8.053453,4.346329,5.5139475,4.375935,8.446212,4.5735884,6.5766106,5.9412255,3.967871,8.028072,5.518172,7.1576824,4.8666735,6.810406,5.4698496,5.8060107,8.580954,7.2206078
-0.15769193,5.3855324,8.548338,9.288278,4.0644345,4.164309,4.930932,7.0496225,7.8366966,4.4445767,5.4794493,4.352087,9.220074,4.5387516,6.573408,5.937064,3.9305627,7.7205687,5.517282,6.769662,4.8622704,6.8307953,5.452644,5.0078797,8.687096,7.4770117
,5.472506,8.599672,9.395454,3.7529712,4.176246,5.0886116,7.0056925,8.032409,4.2156334,5.4838786,4.321699,8.784423,4.5110254,6.5509677,5.93915,3.8461154,7.727331,5.4351773,6.82113,4.861772,6.8073378,5.6361246,5.133071,8.646501,7.519456
,5.3877864,8.517276,9.32365,3.9090877,4.112482,4.9595547,6.928758,7.8004932,4.284866,5.43935,4.294569,9.256609,4.482163,6.5491576,5.934664,3.791229,7.323194,5.425912,5.9362416,4.858228,6.8275614,5.4605384,4.7021832,8.433201,7.3959637
,5.4743385,8.563813,9.430222,3.6362047,4.1221437,5.1381235,6.8735085,8.003768,4.0849495,5.4491205,4.2570114,9.038314,4.4641953,6.5200653,5.9360647,3.668518,7.2883224,5.339209,5.965904,4.857976,6.804303,5.5884733,4.721515,8.504402,7.3789434
,5.393513,8.486624,9.365779,3.754672,4.0650263,4.9874372,6.791913,7.7652693,4.1308546,5.393237,4.2386985,9.193153,4.4404078,6.519539,5.9312325,3.599294,6.831377,5.321501,5.2105722,4.854869,6.823745,5.6437607,4.6208,8.567835,7.501753
,5.479138,8.527628,9.469371,3.5291572,4.0724077,5.186078,6.729246,7.972536,3.9659014,5.4087677,4.246578,9.157871,4.4288445,6.4808083,5.9322248,3.458634,6.7328835,5.2356157,5.2087064,4.8547544,6.801114,5.4569983,4.61874,8.632441,7.240258
,5.4026475,8.456186,9.414115,3.611576,4.0226917,5.015336,6.6495967,7.7335424,3.995239,5.340498,4.224154,9.08022,4.408614,6.4116583,5.9269276,3.3862233,6.261131,5.2115664,4.9390774,4.851888,6.8192973,5.822917,4.450959,9.065119,6.940887
,5.4868755,8.491137,9.511488,3.4313908,4.028058,5.2332125,6.5846853,7.9417887,3.865395,5.3619456,4.232037,9.14728,4.4010963,6.4105296,5.927412,3.2519488,6.0928984,5.133932,4.933143,4.851847,6.797633,5.401487,4.4414053,8.7737465,7.216585
,5.415089,8.425908,9.467187,3.4848614,3.985607,5.043908,6.536486,7.7061853,3.8843434,5.2805347,4.2054586,8.957357,4.382385,6.3191323,5.9215736,3.183741,5.6665225,5.107819,4.8685904,4.849141,6.8142257,5.8490915,4.3731756,9.506305,7.441734
,5.4975114,8.45456,9.554131,3.340578,3.98942,5.280509,6.489195,7.9132137,3.7849302,5.307682,4.2131815,9.060293,4.377254,6.327251,5.92135,3.0676844,5.467052,5.0447183,4.865268,4.8491287,6.793748,5.42235,4.375343,9.493472,7.4517493
,5.430687,8.39583,9.522142,3.3731084,4.0203905,5.073784,6.4457006,7.683198,3.7979383,5.2126184,4.1827364,8.844657,4.35748,6.215364,5.9090385,3.0046902,5.1725206,5.021054,4.889415,4.8465657,6.8085814,5.767842,4.324527,8.730418,6.5814843
,5.5109863,8.418285,9.593584,3.2538962,3.994817,5.3290777,6.4062533,7.8875895,3.72197,5.244803,4.190037,8.950651,4.353514,6.2348256,5.89165,2.906566,5.0085173,5.0181603,4.872433,4.84655,6.7893515,5.475741,4.3281,8.866489,6.4006767
,5.449235,8.366009,9.574388,3.2712188,4.024326,5.105631,6.3661704,7.664195,3.6540442,5.1357803,4.1562896,8.741236,4.3294687,6.1076536,5.877751,2.845679,4.849966,4.9864187,4.9075575,4.8441463,6.802431,5.660108,4.2681637,9.413858,6.22178
,5.5272083,8.382748,9.6247225,3.3140025,3.9951591,5.38013,6.3334293,7.865143,3.6622806,5.171841,4.162829,8.84807,4.3257213,6.1383705,5.859375,2.7592983,4.7484226,4.9804125,4.882693,4.8441057,6.7843294,5.5315495,4.268677,9.356938,6.221978
,5.470466,8.43192,9.617521,3.2155862,4.02204,5.1402197,6.2958827,7.6486692,3.6001883,5.0487375,4.126583,8.630708,4.293475,6.003065,5.8433537,2.6957352,4.676879,4.949646,4.9335656,4.8418927,6.795802,5.5656686,4.2091584,9.4185295,6.323715
,5.5460043,8.407177,9.57528,3.2504673,3.990733,5.4349985,6.268817,7.8458004,3.6100788,5.0869546,4.132015,8.750921,4.289259,6.0428066,5.822115,2.6150422,4.624049,4.940614,4.8972287,4.8418183,6.778554,5.574729,4.2057023,9.509481,6.3338547
,5.4940557,8.463181,9.609595,3.1584804,4.014951,5.1784787,6.2333827,7.6361217,3.5463252,4.9498343,4.094277,8.49456,4.2441373,5.906755,5.8035164,2.5451808,4.5957856,4.910685,4.970442,4.8398314,6.788619,5.4935007,4.234859,9.198041,6.3419523
,5.56698,8.435599,9.566134,3.1836777,3.982093,5.4951897,6.210978,7.8293467,3.5594783,4.987845,4.098346,8.634785,4.123364,5.9519625,5.7777176,2.4115977,4.56895,4.899446,4.917839,4.8397245,6.7719107,5.6022005,4.2093687,9.32041,6.3426046
,5.5195775,8.499584,9.601606,3.1007128,4.0040503,5.2215605,6.1776495,7.6261168,3.4804773,4.836978,4.0602674,8.311257,4.058774,5.8215833,5.756202,2.289936,4.550443,4.870694,5.02235,4.8379927,6.7806597,5.4413524,4.236338,8.640004,6.342617
,5.439606,8.469548,9.557037,3.1152873,3.9696844,5.562436,6.1589227,7.815523,3.5008574,4.871665,4.062908,8.475291,3.8421335,5.8683586,5.7248015,2.1791112,4.5436325,4.858401,4.947308,4.8378634,6.7644157,5.6182756,4.209258,9.086975,6.3424377
,5.486365,8.542697,9.593851,3.0431423,3.9898295,5.270918,6.128016,7.6182957,3.3874426,4.7075133,4.025705,8.046846,3.76518,5.7485476,5.700136,2.0938125,4.534665,4.8312263,5.0949364,4.836403,6.7716208,5.406293,4.234419,8.631939,6.340495
,5.407707,8.510974,9.548266,3.0470657,3.9537132,5.638758,6.112074,7.8040705,3.4210339,4.7349744,4.0271096,8.2449465,3.4931495,5.7934256,5.6629744,2.008374,4.531978,4.818918,4.989995,4.836266,6.7564826,5.6286106,4.20595,8.577436,6.339818
,5.455442,8.594273,9.586505,2.9866855,3.9723835,5.3283987,6.0840893,7.612382,3.2560806,4.558125,3.99195,7.682045,3.438189,5.68744,5.634989,1.9477143,4.5274806,4.7932987,5.1953907,4.8350754,6.7614017,5.3876762,4.22941,8.673911,6.335473
,5.3779225,8.562225,9.539983,2.9807348,3.9341712,5.726509,6.070191,7.7947664,3.3077734,4.5740914,3.9925718,7.8953724,3.1819546,5.727823,5.592725,1.8820338,4.52639,4.7815266,5.0526743,4.834947,6.7492533,5.637615,4.199647,8.653672,6.334364
,5.4264827,8.655964,9.579656,2.9322004,3.9515464,5.3963556,6.045636,7.6081676,3.091098,4.385349,3.9604506,7.2190943,3.1611722,5.63737,5.561269,1.8382927,4.5240054,4.7620773,5.331672,4.8340073,6.7507305,5.388008,4.221338,8.420289,6.338621
,5.350043,8.625798,9.532265,2.9177115,3.9793725,5.8283987,6.0332146,7.787426,3.1592212,4.386884,3.9609175,7.4170294,2.9483507,5.6717024,5.515109,1.7887231,4.523548,4.725207,5.1454506,4.833901,6.744416,5.648325,4.190291,8.492754,6.338892
,5.399231,8.728647,9.573332,2.8802419,3.9580038,5.4777775,6.0124254,7.605508,2.9174004,4.1882353,3.932541,6.7373123,2.955365,5.597088,5.480036,1.7582682,4.5222073,4.7019525,5.5101566,4.833179,6.7417192,5.4142656,4.2100153,8.571384,6.341308
,5.323919,8.703564,9.525126,2.858738,3.9784403,5.94743,6.0010524,7.781913,2.9916856,4.1772327,3.9335017,6.8870807,2.786046,5.624839,5.4313955,1.7221068,4.52201,4.656337,5.2818832,4.8331037,6.741928,5.662903,4.177612,8.633326,6.341366
,5.373474,8.609514,9.56752,2.832075,3.9569237,5.576399,5.984053,7.604314,2.7652285,3.974136,3.909214,6.320239,2.5252743,5.565146,5.3925934,1.702071,4.521217,4.628169,5.731674,4.832557,6.73627,5.4790354,4.1950636,9.103559,6.342621
,5.299439,8.663027,9.518539,2.8036323,3.9715512,6.0867,5.973339,7.778138,2.8330927,3.9596267,3.891495,6.424203,2.4652927,5.586665,5.342828,1.6765099,4.5211296,4.5697556,5.4761686,4.8318253,6.73464,5.682646,4.161125,8.863929,6.3426223
,5.349034,8.572769,9.5621805,2.7700996,3.95017,5.6967344,5.9597855,7.604542,2.6506765,3.7620733,3.898367,6.666596,2.313809,5.5399895,5.300286,1.6394653,4.520639,4.5359488,5.987819,4.831664,6.7292566,5.5916724,4.175876,9.519118,6.3432493
,5.2765155,8.62353,9.51245,2.7476907,3.9606159,6.2489147,5.94925,7.7760534,2.704932,3.7553718,3.882238,6.265607,2.292852,5.502175,5.250525,1.6200061,4.5205994,4.462942,5.7351494,4.8309097,6.705276,5.704258,4.1400447,9.507084,6.3432426
,5.3257413,8.537919,9.557254,2.7071228,3.9394295,5.8438835,5.938455,7.6061926,2.572816,3.573884,3.8876915,6.518037,2.215566,5.5099716,5.204407,1.6038098,4.5202823,4.425213,6.259719,4.8308444,6.7015944,5.7117267,4.15149,8.570047,6.343767
,5.255066,8.584741,9.506785,2.6893554,3.946921,6.4354415,5.927378,7.7756557,2.6127794,3.3946679,3.872929,6.1306434,2.2104692,5.4815164,5.155503,1.5960948,4.520263,4.3556776,6.047752,4.829984,6.6384506,5.7047668,4.1130815,8.663993,6.343755
,5.303421,8.5044365,9.5526705,2.641451,3.9260142,6.022811,5.9183807,7.6093035,2.5227501,3.3660688,3.8771877,6.3937507,2.167382,5.489713,5.1062074,1.5891154,4.520049,4.24154,6.5167675,4.8300104,6.632254,5.7341547,4.120325,9.419455,6.344962
,5.234991,8.54638,9.501467,2.6268702,3.9314232,6.6447,5.9040136,7.7769785,2.4589176,3.2418077,3.8637357,6.010118,2.114553,5.464575,5.058754,1.5859408,4.520038,4.18305,6.377493,4.8289933,6.528117,5.634435,4.0781016,9.135266,6.3449326
,5.2818613,8.4719305,9.548358,2.5710173,3.91096,6.236684,5.8806906,7.613947,2.4590487,3.2218714,3.8671126,6.2829065,2.097099,5.47365,5.006937,1.5826526,4.5198865,4.093799,6.715205,4.8291197,6.507565,5.693263,4.0797567,9.5104065,6.3483925
,5.2161465,8.508313,9.496403,2.5577648,3.9149354,6.869885,5.8615565,7.780098,2.4367774,3.137609,3.8550158,5.8995895,2.0532932,5.449384,4.961339,1.579227,4.5198784,4.056729,6.6561565,4.8279185,6.301568,5.505408,4.0317183,9.455777,6.348159
,5.260782,8.440154,9.544238,2.4927773,3.895121,6.4838076,5.8237534,7.6202316,2.4376297,3.1225188,3.8578534,6.1802845,2.0398264,5.4595394,4.907902,1.5776932,4.519766,4.000933,6.8182783,4.8281584,6.2289553,5.6504064,4.0257244,9.298516,6.353738
,5.198303,8.470577,9.491505,2.3985152,3.8981857,7.096816,5.795179,7.7851267,2.4294813,3.0649621,3.847198,5.7966137,1.9943721,5.4353175,4.7239003,1.5764935,4.519758,3.9806592,6.8098736,4.826765,6.3728395,5.3989587,3.9693575,9.5075655,6.3487444
,5.2397876,8.408989,9.540228,2.3751621,3.900015,6.753364,5.734978,7.628294,2.4301035,3.0529654,3.8498108,6.0830984,1.9865463,5.446479,4.597611,1.5759346,4.51967,3.9554498,6.83181,4.8271284,6.325899,5.471059,3.953232,9.106193,6.3121157
,5.1810975,8.433381,9.486681,2.2653859,3.8860903,6.0652566,5.69238,7.7922134,2.426738,3.0128684,3.8406706,5.699628,1.9420732,5.4222484,4.450717,1.5754344,4.519663,3.9272025,6.8360915,4.8255525,6.439102,5.2141294,3.8870656,9.254642,6.275187
,5.2183094,8.378376,9.536248,2.240889,3.885864,6.347103,5.603731,7.6383085,2.4271488,3.003273,3.8432877,5.989525,1.8484727,5.4341326,4.3819017,1.5752051,4.51959,3.9169214,6.7514734,4.821552,6.402094,5.3640385,3.8594055,8.622413,6.4391127
,5.163961,8.397034,9.481835,2.1177082,3.8736734,5.7164106,5.5436826,7.801547,2.4254966,2.9747462,3.8356771,5.607481,1.8117353,5.4102273,4.258879,1.5749676,4.519512,3.9042656,6.728368,4.820519,6.4944377,5.2861214,3.7859235,9.059453,6.549099
,5.1955137,8.348194,9.532215,2.0926886,3.8725448,5.9292393,5.425858,7.6504784,2.4258077,2.967255,3.82713,5.898135,1.7071717,5.4224205,4.2222424,1.5747137,4.519493,3.8996904,6.454054,4.813754,6.464982,5.2083035,3.7488577,8.638298,6.871854
,5.146022,8.361785,9.476872,1.9600961,3.862147,5.405489,5.3478312,7.8133516,2.424824,2.9466248,3.831757,5.5192213,1.6851456,5.399347,4.114844,1.5745928,4.5194273,3.8934448,6.3440337,4.812605,6.5363307,5.6749763,3.6755438,8.585535,7.1478987
,5.170189,8.403698,9.528041,1.9351993,3.8606734,5.543626,5.208294,7.665038,2.4237583,2.9410074,3.8233297,5.8076963,1.5907063,5.411382,4.0961742,1.5744927,4.519412,3.8911724,6.6971374,4.8015227,6.515578,5.6910768,3.6349285,8.6610985,7.1347094
,5.1259828,8.381089,9.471688,1.798523,3.8519921,5.140784,5.11625,7.827894,2.4237401,2.9259338,3.8281667,5.434017,1.5884249,5.3896847,4.0029793,1.5744452,4.5193567,3.888546,6.779089,4.8006287,6.564704,5.496209,3.5699553,8.637204,7.1478486
,5.140569,8.42787,9.523634,1.7747352,3.850461,5.2091627,4.9699936,7.6822567,2.4225924,2.9219189,3.8199606,5.717122,1.5156653,5.364008,3.9949522,1.5744014,4.5193453,3.88548,6.9628716,4.7832108,6.5561247,5.535579,3.5315988,8.424158,7.2540307
,5.1019473,8.402883,9.466174,1.6404009,3.8433385,4.924259,4.8721657,7.845477,2.4227216,2.9108455,3.8249762,5.3511477,1.3978412,5.36976,3.916526,1.5743835,4.5193014,3.884261,7.025345,4.7833786,6.612443,5.0306225,3.5082536,8.521187,7.4229717
,5.104088,8.455445,9.518896,1.4774739,3.8419142,4.93878,4.736142,7.7024374,2.4213853,2.908126,3.8172722,5.625478,1.3692088,5.3471127,3.9148757,1.5743637,4.5192933,3.8826756,7.1301,4.7575874,6.617835,4.9941287,3.4661398,8.231824,7.0322514
,5.0711846,8.4282465,9.460217,1.4442592,3.839298,5.078018,4.642074,7.8664417,2.4217126,2.8999686,3.822378,5.270025,1.2953277,5.35334,3.8510106,1.5743339,4.5192604,3.8820357,7.1898146,4.7601857,6.68089,4.645278,3.4463844,8.3263445,6.5464153
,5.0037355,8.487656,9.513714,1.3096982,3.8342123,4.926089,4.4580154,7.725918,2.4203324,2.8942766,3.8155172,5.532028,1.2875469,5.332532,3.852976,1.5743206,4.519255,3.8811302,7.001193,4.7249966,6.6934257,4.5684032,3.406987,8.643135,6.843214
,4.997687,8.458593,9.453686,1.2885288,3.8317199,5.0662813,4.2895036,7.891162,2.4208558,2.8922815,3.8205528,5.1902456,1.2428994,5.339509,3.8022132,1.5743079,4.519232,3.8807604,7.0497136,4.731784,6.739724,4.1833057,3.3876486,8.629301,6.9673557
,4.9303656,8.526025,9.507965,1.1834637,3.827969,4.9114733,4.1727037,7.753071,2.4195867,2.8889873,3.8148153,5.436323,1.1844108,5.3196816,3.7306306,,4.519229,3.8803477,6.3261433,4.6883507,6.7515187,4.216744,3.3487558,8.560431,7.2427053
,4.9244714,8.495739,9.446437,1.1719645,3.825646,5.050482,4.080059,7.920041,2.4202566,2.887352,3.804274,5.111638,1.1695054,5.3277025,3.709979,,4.519213,3.8798318,6.3748155,4.5719953,6.7867103,4.358581,3.3276153,8.586769,7.385566
,4.8566628,8.572341,9.50151,1.0920973,3.8229747,4.8953176,4.015031,7.784314,2.41918,2.885252,3.8116634,5.338294,1.139463,5.308626,3.6747925,,4.519212,3.8796072,5.460736,4.5406246,6.798818,4.4278617,3.2875705,9.265635,7.5906487
,4.851189,8.541953,9.438306,1.0879216,3.8208537,5.0312276,3.967009,7.953478,2.4174156,2.883807,3.8000774,5.034307,1.1352856,5.3177967,3.6662416,,4.5192018,3.8793032,5.4767756,4.382352,6.866022,4.940424,3.2630644,9.257933,7.4774513
,4.782376,8.628472,9.4941845,1.027828,3.8175163,4.8777423,3.930839,7.8201113,2.4176338,2.882327,3.808936,5.2383795,1.1189706,5.2998085,3.6489127,,4.5191913,,5.017397,4.3636613,6.859619,4.9403477,3.2205453,9.321572,7.305893
,4.7775455,8.599825,9.429104,0.9707485,3.8155346,5.0088453,3.9051557,7.991826,2.416262,2.8810372,3.7968884,4.958648,,5.309946,3.6453698,,4.519189,,5.0136747,4.2253876,6.6989555,5.1999764,3.191601,9.400783,7.3679023
,4.707311,8.695884,9.4858,0.96652037,3.8120122,4.858721,3.8837223,7.8609734,2.4166496,2.879901,3.8069537,5.1376147,,5.2937155,3.6361797,,4.5191827,,4.890068,4.2252216,6.648794,5.1956863,3.1455898,9.40136,7.285169
,4.7032986,8.671741,9.418615,0.9284603,3.810869,4.983479,3.869062,8.035277,2.4156768,2.8787804,3.79527,4.8853316,,5.25231,3.6347299,,4.519182,,4.886174,4.13251,6.473025,5.5150113,3.111662,9.549227,7.0076036
,4.6313224,8.774629,9.476128,0.92841095,3.8070922,4.8381457,3.855309,7.90744,2.416146,2.8778605,3.8060303,5.037657,,5.255973,3.6294057,,4.519177,,4.942711,4.143156,6.3960233,5.5444794,3.0617135,9.206799,7.2209535
,4.6282516,8.758583,9.406584,0.90158075,3.8067758,4.955166,3.838138,8.0836315,2.4154823,2.8769312,3.795552,4.815232,,5.1948156,3.6289017,,4.5191774,,4.909048,4.085361,6.217113,5.099912,3.023068,9.340495,7.3779135
,4.5542974,8.66878,9.464903,0.90382,3.802877,4.815883,3.8274376,7.9599895,2.4146104,2.8761725,3.8063097,4.9406652,,5.205956,3.625574,,4.5191736,,5.0060253,4.1007786,6.1557217,5.193433,2.9699047,8.69309,7.2854404
,4.552251,8.726621,9.392717,0.88396245,3.8034043,4.923893,3.8182516,8.135838,2.4147666,2.8760357,3.7976665,4.749315,,5.1217422,3.621404,,4.5191746,,4.9493012,4.0639257,6.1958284,4.7324133,2.9281178,9.162931,7.111294
,4.4761605,8.6384,9.451807,0.88773435,3.799683,4.7917943,3.8128324,8.018765,2.4142554,2.8756034,3.7781587,4.8490357,,5.1449285,3.6202922,,4.5191717,,5.1169076,4.0201855,6.1497736,4.6523633,2.8742886,8.619709,6.55873
,4.4751787,8.696519,9.376669,0.87246376,3.7921262,4.88964,3.8074062,8.18916,2.4144847,2.8755982,3.7927308,4.6884875,,5.0404563,3.6177797,,4.5191736,,5.0218973,4.0182834,6.193554,5.6447463,2.832539,8.635416,6.433234
,4.3968625,8.610496,9.436464,0.8585101,3.79207,4.7657676,3.804569,8.082883,2.4141986,2.8751206,3.7712712,4.765004,,5.078976,3.6174352,,4.519171,,5.305133,3.996281,6.1460266,5.666228,2.7837996,8.687347,6.227291
,4.3969507,8.667836,9.358041,0.86055,3.7821233,4.8524256,3.8010955,8.237867,2.4144423,2.8751328,3.7891002,4.6334543,,4.964541,3.615476,,4.519162,,5.1542015,3.9987845,6.1937504,5.568652,2.7313364,8.6139145,6.2424364
,4.3163795,8.584385,9.4184265,0.850391,3.7836611,4.737742,3.7996047,8.148938,2.4142873,2.8746142,3.7673507,4.690244,,5.0180197,3.6155896,,4.51916,,5.5977955,3.9859047,6.145359,5.5353403,2.693637,8.495802,6.326479
,4.3175154,8.640063,9.336376,0.85308605,3.7717242,4.8123426,3.7972093,8.271815,2.4140465,2.8745887,3.7875137,4.5846086,,4.908269,3.613915,,4.519148,,5.387347,3.9904516,6.197303,4.7849064,2.6549115,8.63609,6.3345566
,4.2347116,8.559444,9.397171,0.84521836,3.7756658,4.707729,3.794553,8.208588,2.414157,2.874059,3.76732,4.625607,,4.598943,3.6144059,,4.5191464,,5.9868746,3.9822125,6.148611,4.7484875,2.6284168,8.313741,6.3418994
,4.236849,8.612694,9.311159,0.8385231,3.7630987,4.769596,3.7935634,8.276634,2.4140353,2.873981,3.7883408,4.541994,,4.6109743,3.6130176,,4.5191326,,5.7535048,3.9707277,6.205116,4.811187,2.6021302,8.404102,6.34254
,4.1518784,8.5351305,9.372098,0.8400263,3.7329252,4.6758375,3.7916172,8.246844,2.4141629,2.8734806,3.7712474,4.571074,,4.258636,3.6098971,,4.519134,,6.4109325,3.9708219,6.156563,4.8698077,2.5846286,8.136183,6.342695
,4.1549506,8.585264,9.281817,0.835082,3.7332313,4.724538,3.791017,8.236939,2.4141095,2.8733609,3.7308764,4.50533,,4.3216863,3.609588,,4.519121,,6.2226095,3.964665,6.218115,4.802947,2.5676455,8.208137,6.342596
,4.0679183,8.510994,9.342525,0.8367693,3.6900148,4.642294,3.7893035,8.246198,2.4142299,2.8729253,3.7605333,4.525918,,4.0058594,3.606103,,4.519083,,6.7803755,3.9657073,6.1700034,4.755596,2.5564318,8.488261,6.3410177
,4.071846,8.557384,9.247745,0.8328665,3.696527,4.6776934,3.788849,8.132233,2.4142113,2.8727865,3.7155101,4.4740887,,4.1093845,3.6064603,,4.5190654,,6.683422,3.962249,6.2373395,4.48944,2.545693,8.46312,6.340518
,3.9828873,8.486689,9.3077135,0.8346979,3.6444688,4.607459,3.787247,8.191167,2.414148,2.8728967,3.7527926,4.4889665,,3.851335,3.6030042,,4.519018,,7.0052385,3.9637156,6.189857,4.447599,2.5385664,8.610959,6.3367968
,3.9875793,8.528762,9.208318,0.8314697,3.6607044,4.6297703,3.7844958,7.9221888,2.4142094,2.872695,3.7070072,4.4475827,,3.4215207,3.6041937,,4.519004,,6.984681,3.961533,6.2640653,4.4856844,2.5314875,8.67774,6.33593
,3.8968568,8.46197,9.266892,0.82881624,3.6076329,4.5718307,3.782727,8.035628,2.4141788,2.8727648,3.7497687,4.458852,,3.4493403,3.6011915,,4.5189576,,7.0443573,3.959149,6.2173443,4.4167247,2.5253758,8.920823,6.3399925
,3.9022121,8.499242,9.162948,0.8299715,3.5060372,4.5816574,3.7792523,7.6694565,2.4142418,2.8725295,3.7075183,4.425047,,3.160547,3.6032143,,4.518953,,7.0423985,3.9592292,6.299962,4.4471254,2.5214438,8.702465,6.340536
,3.8099127,8.436702,9.219326,,3.5068007,4.536039,3.7770386,7.7500496,2.41423,2.872549,3.7522495,4.4341893,,3.2144399,3.600965,,4.5189157,,6.9635525,3.9582005,6.254178,4.3947067,2.517905,9.552064,6.34241
,3.8158245,8.468809,9.1111355,,3.408182,4.534389,3.7730794,7.7203646,2.4141858,2.8723054,3.7170653,4.4095893,,3.0522728,3.5956407,,4.518923,,6.946368,3.9584184,6.347193,4.4189324,2.515562,9.525569,6.342607
,3.7221513,8.41085,9.164388,,3.4211223,4.500816,3.7708502,7.6909885,2.4142234,2.8722818,3.6351624,4.3401423,,3.1075048,3.5963068,,4.518898,,7.078844,3.9578617,6.3027678,4.3790593,2.513381,8.54282,6.3433056
,3.7285085,8.43761,9.052541,,3.3404052,4.4890795,3.766887,8.108691,2.4141936,2.8720565,3.6981456,4.3147616,,3.0120301,3.591559,,4.5188336,,7.1416264,3.9581575,6.408296,4.398653,2.5118935,8.604839,6.343375
,3.6336823,8.384446,9.101663,,3.3633068,4.466944,3.759179,8.15638,2.4142377,2.872007,3.611339,4.249021,,2.9636116,3.593564,,4.5188127,,7.1130314,3.9578023,6.366251,4.3679414,2.5104785,9.489063,6.344124
,3.6403708,8.405922,8.987032,,3.301732,4.4468303,3.7534542,8.197271,2.4142196,2.872077,3.6873837,4.2275324,,2.9633486,3.5898814,,4.5187683,,7.1538625,3.957332,6.485564,4.38421,2.5094852,8.984131,6.344286
,3.5446243,8.357528,9.03105,,3.2291594,4.4351816,3.7453809,8.350995,2.414169,2.8719623,3.6041389,4.174203,,2.9836645,3.5827193,,4.5187616,,6.6349263,3.9574168,6.447806,4.360035,2.5085769,9.558037,6.347182
,3.551526,8.374071,8.914713,,3.2326684,4.4086084,3.7404356,8.355981,2.4142022,2.8719969,3.6874938,4.1590815,,2.9726002,3.583272,,4.5187345,,6.6751595,3.9570978,6.5805492,4.373995,2.5077736,9.379088,6.345109
,3.4551024,8.330002,8.952831,,3.1863465,4.40617,3.733258,8.337799,,2.8718648,3.615466,4.1213574,,3.0142791,3.577492,,4.518686,,5.7363653,3.9572601,6.5490146,4.354407,2.507258,9.375333,6.3077164
,3.4621,8.342252,8.835879,,3.194684,4.3751173,3.7219152,8.021579,,2.8718662,3.459494,4.1119823,,2.9908507,3.57964,,4.518667,,5.761303,3.9570267,6.6990385,4.366817,2.5067523,9.593783,6.2883916
,3.3652496,8.301407,8.867649,,3.1639357,4.380333,3.7149224,8.119976,,2.871735,3.5749466,4.087464,,3.0327737,3.5754192,,4.5186415,,5.1146145,3.956509,6.6726694,4.350402,2.5064187,9.227626,6.584672
,3.3722239,8.3102255,8.950679,,3.1334114,4.3466845,3.7061255,7.691477,,2.871714,3.4129107,4.0819874,,3.1044707,3.5685906,,4.5186353,,5.113328,3.9566324,6.869895,4.361825,2.506053,9.442132,6.7113523
,3.2752013,8.3389015,8.890807,,3.13426,4.357799,3.7018268,7.7788296,,2.8717608,3.550663,4.066579,,3.0936792,3.5693724,,,,4.9149017,3.9560525,6.8458624,4.347565,2.5058012,9.088534,7.1124825
,3.2820344,8.320434,8.968075,,3.115686,4.3231955,3.6955266,7.560047,,2.871688,3.3962173,4.063392,,3.1504157,3.5646265,,,,4.9106164,3.9563575,7.1035376,4.3584237,2.5057209,9.237274,7.1371775
,3.185093,8.35032,8.908313,,3.1186028,4.3383627,3.6932907,7.5226088,,2.8717089,3.5479407,4.053695,,3.131123,3.566687,,,,5.01026,3.9558368,7.0917625,4.345582,2.5056067,8.683099,7.0557833
,3.1916728,8.330368,8.980244,,3.1062584,4.3041124,3.6888835,7.642707,,2.8716245,3.412249,4.051772,,3.173494,,,,,4.9559407,3.9545522,7.1075335,4.356213,2.5055985,9.147023,7.5095177
,3.0950608,8.361686,8.920822,,3.1103983,4.267548,3.6829722,7.5167,,2.871623,3.176763,4.0455422,,3.2215652,,,,,5.138929,3.9548163,7.084372,4.3442416,2.50549,8.622958,7.4458685
,3.1012793,8.340325,8.987853,,3.1016517,4.2911468,3.6808255,7.766803,,2.87154,3.346283,4.044306,,3.2181692,,,,,5.0439506,3.953384,6.8741035,4.354936,2.5054674,8.789353,7.2074637
,3.0052352,8.373314,8.928895,,3.092145,4.2654247,3.6770403,7.6707706,,2.871525,3.121223,4.0401897,,3.2489629,,,,,5.372451,3.9540558,6.84953,4.3434076,2.5057282,8.64581,7.344676
,3.010995,8.350635,8.991427,,3.093869,4.290232,3.6762352,7.7776737,,2.8715458,3.3104692,4.0393305,,3.2405143,,,,,5.2168527,3.9528081,6.776109,4.3544483,2.505855,8.6017685,7.266095
,2.9157395,8.38558,8.932981,,3.0872834,4.274913,3.6737266,7.7558727,,2.8714967,3.1048431,4.0365343,,3.2615623,,,,,5.7475715,3.9503124,6.759019,4.3430004,2.506124,8.56943,7.0332885
,2.9209552,8.3616705,8.99135,,3.0897346,4.2995424,3.6708508,7.709695,,2.8715017,3.3092062,4.0358915,,3.2852106,,,,,5.5362425,3.9507601,6.7192106,4.3546987,2.506143,8.622459,7.2056303
,2.8266902,8.398934,8.933405,,3.0849414,4.2934337,3.670407,7.7212048,,2.8714492,3.1277356,4.0339475,,3.2832937,,,,,6.230117,3.9483504,6.6927085,4.3429875,,8.370683,7.207432
,2.8312926,8.373884,8.987887,,3.0796244,4.3162513,3.668649,7.6859426,,2.871443,2.901732,4.033436,,3.2989428,,,,,6.025111,3.9494405,6.711659,4.355732,,8.514789,7.1946754
,2.7381902,8.41393,8.930382,,3.0809402,4.3175874,3.668736,7.699438,,2.8713949,3.0624862,4.0320635,,,,,,,6.702736,3.9474587,6.7163568,4.343384,,8.197627,6.671774
,2.7421298,8.387834,8.981196,,3.0770893,4.3373384,,7.715679,,2.8713832,2.8657992,4.031639,,,,,,,6.578848,,6.7362833,4.3577037,,8.3313055,6.608851
,2.6503296,8.431255,8.924014,,3.0788617,4.344081,,7.7268248,,2.871387,3.0346265,4.0306635,,,,,,,7.037961,,6.739767,4.344258,,8.092759,6.359316
,2.6535807,8.404224,8.971343,,3.0759778,4.3601446,,7.721306,,2.8713584,2.861608,4.030301,,,,,,,7.004339,,6.7599697,4.360935,,8.138196,6.2319107
,2.5631871,8.4517765,8.914299,,3.0727062,4.3703156,,7.7256174,,2.8713555,2.710137,4.0283775,,,,,,,7.158716,,6.7613287,4.3457594,,7.7114115,6.3033056
,2.5657487,8.423977,8.958306,,3.0738368,4.3826656,,7.6785994,,2.8713286,2.794877,4.026692,,,,,,,7.157901,,6.77917,4.366021,,8.010872,6.32187
,2.4768229,8.476597,8.901119,,3.0713797,4.394594,,7.6734695,,2.8713224,2.6803417,4.0253386,,,,,,,7.0912647,,6.7786903,4.3481765,,7.3835783,6.3399944
,2.478724,8.448304,8.941975,,3.0728216,4.4036226,,7.5851154,,2.871324,2.75906,4.0242825,,,,,,,7.0733814,,6.7695174,4.3740582,,7.496663,6.3415785
,2.3912852,8.507104,8.884226,,3.070938,4.4160566,,7.56499,,2.871307,2.6677396,4.023126,,,,,,,7.196027,,6.772542,4.352058,,8.121182,6.342808
,2.3925838,8.478802,8.922133,,3.0687532,4.4476433,,7.42068,,2.871305,2.7467823,4.022404,,,,,,,7.244611,,6.683913,4.3871083,,7.913452,6.342922
,2.3066068,8.545017,8.863204,,3.069775,4.4675803,,7.372443,,,2.6679063,4.021356,,,,,,,7.1259975,,6.6968575,4.3585024,,8.3171625,6.342248
,2.3073921,8.5175495,8.898429,,3.0680885,4.487691,,7.448251,,,2.6198602,4.0208755,,,,,,,7.164769,,6.5931406,4.4090886,,8.239357,6.3420067
,2.2228062,8.592324,8.837424,,3.0693457,4.4983683,,7.4035616,,,2.6441875,4.019925,,,,,,,6.568861,,6.600601,4.36985,,8.52274,6.339669
,2.223199,8.567108,8.870308,,3.068032,4.5073786,,7.470353,,,2.613935,4.019643,,,,,,,6.628276,,6.5793657,4.447058,,8.482314,6.3391
,2.139889,8.65103,8.805954,,3.0664709,4.51292,,7.4279776,,,2.633183,4.0187974,,,,,,,5.683085,,6.580934,4.39137,,8.624711,6.334564
,2.1400402,8.630272,8.836922,,3.067428,4.5133667,,7.4886665,,,2.612075,4.0186815,,,,,,,5.7269773,,6.56581,4.5104856,,8.690575,6.333741
,2.0578475,8.722448,8.767472,,,4.516491,,7.448965,,,2.630029,4.0179477,,,,,,,5.108781,,6.5692406,4.4347763,,8.942765,6.3266563
,2.0579383,8.709205,8.796995,,,4.510931,,7.505533,,,2.6118674,4.0179667,,,,,,,5.11535,,6.5094295,4.5986137,,8.737525,6.325657
,1.9766626,8.624945,8.862267,,,4.513114,,7.4686527,,,2.6229258,4.0173464,,,,,,,4.9190116,,6.5139346,4.518943,,9.598436,6.332657
,1.976903,8.67286,8.841475,,,4.503662,,7.5224323,,,2.6108031,4.0174694,,,,,,,4.9165363,,6.4218273,4.680765,,9.567658,6.3331184
,1.8963034,8.591244,8.9004,,,4.5055943,,7.4884157,,,2.634848,4.0169597,,,,,,,4.866291,,6.4243145,4.636082,,8.441902,6.3375473
,1.8969291,8.63875,8.879929,,,4.4937296,,7.5403204,,,2.6124449,4.0155253,,,,,,,4.863864,,6.3325615,4.742995,,8.48009,6.337693
,1.8167257,8.5603895,8.933353,,,4.4957056,,7.5091534,,,2.6412196,4.015,,,,,,,4.8836274,,6.332013,4.7214303,,9.4305,6.340521
,1.8180003,8.606388,8.913328,,,4.482123,,7.559841,,,2.7373676,4.0136585,,,,,,,4.8695583,,6.2599506,4.836516,,8.590356,6.3405685
,1.7378745,8.531621,8.962224,,,4.454747,,7.531457,,,2.6823497,4.0133977,,,,,,,4.8978324,,6.2573195,4.795288,,9.5929165,6.3422136
,1.7400824,8.575237,8.942723,,,4.447234,,7.581455,,,2.793766,4.012128,,,,,,,4.877928,,6.2050204,4.8885765,,8.885414,6.3422384
,1.6596788,8.504271,8.988083,,,4.4079857,,7.555723,,,2.7241025,4.0121036,,,,,,,4.9188657,,6.201228,4.835983,,9.624875,6.3430834
,1.6631279,8.544791,8.969139,,,4.400232,,7.6055336,,,,4.010914,,,,,,,4.890249,,6.162032,5.3323317,,9.183529,6.3431015
,1.5820512,8.47778,9.011949,,,4.3595886,,7.58222,,,,4.011099,,,,,,,4.950306,,6.157344,5.2551417,,9.46855,6.3436775
,1.5870696,8.514628,8.993538,,,4.3555717,,7.6324253,,,,4.0100155,,,,,,,4.9086947,,6.125119,4.756545,,9.444642,6.3437004
,1.5048828,8.451716,9.034795,,,4.3251243,,7.611149,,,,4.0103784,,,,,,,4.998011,,6.1192255,4.7924976,,9.3109865,6.3450775
,1.5118206,8.484441,9.016837,,,4.3244677,,7.6625347,,,,4.00943,,,,,,,4.9370565,,6.0888395,4.775308,,9.593303,6.345213
,1.4280393,8.42576,9.057612,,,4.3049107,,7.6427,,,,4.009932,,,,,,,5.0715117,,6.0806923,4.8091993,,9.231389,6.3507385
,1.4372647,8.454052,9.039964,,,4.3058205,,7.696415,,,,4.009138,,,,,,,4.982091,,6.046497,4.8202553,,9.5595665,6.351033
,1.351351,8.3996935,9.081491,,,4.293496,,7.6771517,,,,4.009738,,,,,,,5.1856337,,6.033746,4.858373,,9.190758,6.3622484
,1.3632545,8.42342,9.063943,,,4.294924,,7.734874,,,,4.0091047,,,,,,,5.055923,,5.988204,4.7689476,,9.428197,6.338439
,1.2746065,8.373359,9.107759,,,4.286812,,7.7149944,,,,4.0073524,,,,,,,5.360616,,5.9665794,4.8094687,,9.165672,6.4668336
,1.2895997,8.392601,9.090055,,,4.2792907,,7.7790127,,,,4.007226,,,,,,,5.1795444,,5.901538,4.580444,,9.306594,6.840953
,1.1975348,8.346591,9.138176,,,4.279199,,7.757082,,,,4.005501,,,,,,,5.6158814,,5.8666267,4.601222,,9.107253,6.8630977
,1.2160547,8.361668,9.120069,,,4.274894,,7.829713,,,,4.0056753,,,,,,,5.3845263,,5.7828827,4.452399,,9.231515,7.0492373
,1.1197935,8.319077,9.175215,,,4.275344,,7.80451,,,,4.0040517,,,,,,,5.9530067,,5.7369366,4.4533105,,8.929964,7.292903
,1.1423016,8.33054,9.156616,,,4.2722874,,7.8848534,,,,4.0045137,,,,,,,5.7017307,,5.7450376,4.3956556,,9.1912775,7.0027227
,1.1750078,8.290127,9.222372,,,4.27299,,7.856927,,,,4.0030494,,,,,,,6.339241,,5.71373,4.3929453,,8.720149,7.4030395
,1.1290991,8.29869,9.203659,,,4.2705536,,7.929126,,,,4.003755,,,,,,,6.12578,,5.7237062,4.36681,,9.173091,7.105915
,1.154135,8.326766,9.157467,,,4.2713957,,7.9046183,,,,4.00249,,,,,,,6.712082,,5.695737,4.3641624,,8.630927,7.307538
,1.1109838,8.310411,9.194575,,,4.2693577,,7.911316,,,,4.003375,,,,,,,6.585165,,5.707096,4.3498864,,9.147058,7.38046
,1.0297128,8.339784,9.147376,,,4.270263,,7.906645,,,,4.0023317,,,,,,,6.9954615,,5.6819987,4.3473763,,8.607028,7.559169
,1.0364054,8.322348,9.185869,,,4.2685356,,7.743614,,,,4.0033226,,,,,,,6.958417,,5.6944046,4.3396664,,9.018287,7.5385046
,0.954329,8.353435,9.137862,,,4.2662945,,7.7739,,,,4.002506,,,,,,,7.1252737,,5.6717067,4.3374825,,8.598561,7.523073
,0.9644028,8.334964,9.177623,,,4.2669516,,7.418621,,,,4.003535,,,,,,,7.132142,,5.684946,4.337496,,8.748663,7.3780203
,0.8813429,8.368245,9.128984,,,4.264825,,7.453948,,,,4.0029297,,,,,,,7.0989156,,5.664253,4.3348484,,8.590626,7.369916
,0.8948151,8.3488,9.16986,,,4.2657547,,7.3056364,,,,4.0012627,,,,,,,7.0975237,,5.678195,4.3348455,,8.61525,7.438553
,0.8106568,8.3848505,9.1207485,,,4.2637196,,7.333246,,,,4.0016675,,,,,,,6.991767,,5.6592035,4.3330336,,8.566195,7.5792727
,0.82753956,8.364512,9.162561,,,4.2648954,,7.3621798,,,,4.000084,,,,,,,6.961341,,5.6737733,4.333058,,8.589039,7.5754085
,0.7422281,8.404054,9.1131115,,,4.263018,,7.270405,,,,4.000799,,,,,,,7.1046,,5.656252,4.3318186,,8.465276,7.327141
,0.7625267,8.382943,9.155682,,,4.264353,,7.4537516,,,,3.9993405,,,,,,,7.1535234,,5.6714215,4.3318806,,8.581619,7.2685547
,0.676064,8.42688,9.106004,,,4.2627335,,7.321785,,,,4.0003166,,,,,,,7.2858133,,5.655202,4.331017,,8.337448,7.062584
,0.69977677,8.405193,9.149145,,,4.2589893,,7.526903,,,,3.9990373,,,,,,,7.3226585,,5.670979,4.3311114,,8.565463,7.0501556
,0.61221915,8.454656,9.099332,,,4.260969,,7.405382,,,,4.0001993,,,,,,,7.280093,,5.6559463,4.3304887,,8.262276,7.1219816
,0.6393361,8.432744,9.142862,,,4.2564297,,7.564413,,,,3.9991431,,,,,,,7.317539,,5.6723704,4.3306036,,8.458308,7.1377573
,0.5507945,8.489085,9.09299,,,4.259428,,7.475731,,,,4.0003996,,,,,,,6.9394913,,5.658455,4.330135,,8.118718,7.3917255
,0.581298,8.467578,9.136729,,,4.254453,,7.5865,,,,3.999586,,,,,,,7.01608,,5.6755934,4.330259,,8.31533,7.358123
,0.49193692,8.532289,9.08686,,,4.258367,,7.5294275,,,,3.997466,,,,,,,6.2068357,,5.6627674,4.3298907,,8.002338,7.550528
,0.525802,8.512288,9.130633,,,4.253493,,7.61185,,,,3.9981856,,,,,,,6.31555,,5.6807156,4.3300133,,8.222634,7.5247583
,0.4358392,8.586701,9.08082,,,4.257987,,7.577057,,,,3.995907,,,,,,,5.436356,,5.6689854,4.3297153,,7.981348,7.4985313
,0.47303537,8.570041,9.124459,,,4.253743,,7.6434517,,,,3.9970715,,,,,,,5.49726,,5.687874,4.3298273,,8.038462,7.5586805
,0.38274205,8.654628,9.074743,,,4.24337,,7.623481,,,,3.9947507,,,,,,,5.042534,,5.6772776,4.3295836,,7.8196898,7.3639946
,0.4232328,8.644053,9.118083,,,4.249867,,7.673275,,,,3.9963493,,,,,,,5.055248,,5.697278,4.329679,,7.9887457,7.4829183
,0.33293372,8.567903,9.0685,,,4.238251,,7.6636,,,,3.9941342,,,,,,,4.9090347,,5.687885,4.32948,,7.519944,7.1941037
,0.37667912,8.608775,9.111378,,,4.2469506,,7.6910944,,,,3.9960883,,,,,,,4.908745,,5.709233,4.3295546,,7.8510942,7.4009676
,0.2867527,8.536195,9.061953,,,4.2353783,,7.687834,,,,3.9941165,,,,,,,4.866253,,5.7011423,4.329398,,7.3926287,7.035018
,0.33371186,8.575704,9.104205,,,4.2457,,7.6912746,,,,3.9962902,,,,,,,4.8643174,,5.7241635,4.3294487,,7.513973,7.268219
,0.2445867,8.506954,9.05496,,,4.235351,,7.69077,,,,3.9946582,,,,,,,4.8827376,,5.717517,4.329332,,7.290107,6.9463844
,0.29472017,8.544264,9.096428,,,4.2150035,,7.673421,,,,3.9905715,,,,,,,4.869967,,5.742674,4.3293595,,7.358242,7.1044445
,0.20687467,8.479442,9.047377,,,4.227046,,7.673253,,,,3.9920325,,,,,,,4.8969817,,5.737674,4.3292804,,7.254567,6.925045
,0.26014906,8.513907,9.087896,,,4.2067175,,7.638814,,,,3.9872353,,,,,,,4.878756,,5.7656116,4.3292885,,7.28194,6.9875526
,0.17410442,8.453038,9.039044,,,4.2214556,,7.6379595,,,,3.9895964,,,,,,,4.9193273,,5.762571,4.3292437,,7.209093,6.9158144
,0.230499,8.484172,9.078457,,,4.2027254,,7.5873013,,,,3.9843335,,,,,,,4.892498,,5.79413,4.329237,,7.2534246,6.930956
,0.14681134,8.427252,9.029794,,,4.2195034,,7.585393,,,,3.9876633,,,,,,,4.955056,,5.79352,4.3292212,,7.304556,6.8711805
,0.20632872,8.454705,9.067941,,,4.203226,,7.5156612,,,,3.9822824,,,,,,,4.9145465,,5.829618,4.3292055,,7.2936506,6.908669
,0.1255782,8.401697,9.0194435,,,4.180457,,7.5119333,,,,3.9865,,,,,,,5.0136356,,5.8320937,4.329212,,7.3478494,6.7963314
,0.18825862,8.425274,9.056174,,,4.193799,,7.416754,,,,3.9813807,,,,,,,4.951286,,5.8732758,4.329193,,7.3129973,6.8825808
,0.11103436,8.376068,9.007791,,,4.1743836,,7.4087543,,,,3.9862535,,,,,,,5.111808,,5.879518,4.329214,,7.529929,6.7142076
,0.17697886,8.395744,9.042965,,,4.189081,,7.4743795,,,,3.9817278,,,,,,,5.015177,,5.9250965,4.329196,,7.363919,6.837311
,0.10386297,8.350084,8.994604,,,4.1726656,,7.458518,,,,3.971355,,,,,,,5.2768903,,5.93532,4.329223,,7.980837,6.6406918
,0.17326576,8.36603,9.028106,,,4.1557207,,7.5096903,,,,3.9750009,,,,,,,5.1303415,,5.982683,4.329208,,7.6721935,6.7821198
,0.10481489,8.323392,8.979614,,,4.163864,,7.4981804,,,,3.9626718,,,,,,,5.5434237,,5.9960585,4.3292346,,8.29953,6.5828476
,0.1780118,8.335973,9.011362,,,4.1511335,,7.5391636,,,,3.9684787,,,,,,,5.3389053,,6.041626,4.329222,,8.200029,6.7310715
,0.11474696,8.295388,8.962498,,,4.159429,,7.5318804,,,,3.9550538,,,,,,,5.927614,,6.0565705,4.329243,,8.530627,6.5426826
,0.19227287,8.3051405,8.992459,,,4.1494045,,7.5655994,,,,3.9631417,,,,,,,5.6912646,,6.0990458,4.3292327,,8.492952,6.6938496
,0.13468122,8.264938,8.942843,,,4.1409407,,7.562232,,,,3.9497495,,,,,,,6.3862743,,6.1149974,4.3292475,,8.624354,6.5202208
,0.21734586,8.272464,8.971059,,,4.1444645,,7.590678,,,,3.9598308,,,,,,,6.1871533,,6.15954,4.329237,,8.675972,6.675914
,0.16590005,8.29794,8.920114,,,4.1386294,,7.590829,,,,3.947544,,,,,,,6.8197427,,6.180084,4.3292465,,9.212936,6.5154305
,0.25487876,8.282812,8.946712,,,4.142045,,7.615367,,,,3.923244,,,,,,,6.714239,,6.158261,4.3292356,,9.226547,6.680827
,0.21007916,8.308737,8.893574,,,4.1376867,,7.618593,,,,3.9299705,,,,,,,7.124942,,6.164005,4.329204,,8.651102,6.529482
,0.14121181,8.2929945,8.91879,,,4.1412473,,7.640011,,,,3.903607,,,,,,,7.1041355,,6.1463995,4.3291993,,8.939579,6.7121296
,0.20642966,8.3197155,8.862199,,,4.137727,,7.6458244,,,,3.914009,,,,,,,7.2450714,,6.151719,4.329149,,8.681634,6.5656157
,0.14257964,8.303414,8.886382,,,4.134656,,7.663636,,,,3.888326,,,,,,,7.25296,,6.1371126,4.3291435,,8.630726,6.773973
,0.21551302,8.331303,8.943464,,,4.136396,,7.6714554,,,,3.9021287,,,,,,,7.190461,,6.142034,4.329066,,8.6858835,6.629805
,0.1572758,8.314507,8.928744,,,4.134141,,7.680663,,,,3.8791537,,,,,,,7.176141,,6.1296496,4.329063,,8.617951,6.8691425
,0.23793972,8.343985,8.980212,,,4.1359673,,7.689518,,,,3.8956213,,,,,,,7.301257,,6.1342134,4.3289475,,8.555733,6.731433
,0.18588188,8.326761,8.965691,,,4.1341777,,7.668872,,,,3.8763916,,,,,,,7.336544,,6.1235275,4.3289504,,8.626962,6.9900208
,0.27472407,8.358349,9.012973,,,4.1325793,,7.6761484,,,,3.8444967,,,,,,,7.275959,,6.1277776,4.3287835,,8.396173,6.8792315
,0.22938287,8.34078,8.99858,,,4.1335187,,7.5629272,,,,3.8526056,,,,,,,7.3116837,,6.118419,4.3287973,,8.586091,7.0976553
,0.32745606,8.375129,9.043185,,,4.132347,,7.5615807,,,,3.8239508,,,,,,,6.916939,,6.122403,4.328565,,8.275607,7.0530186
,0.28936023,8.35732,9.028795,,,4.1313734,,7.6463566,,,,3.8355486,,,,,,,6.9918637,,6.1140995,4.3285956,,8.403439,7.132924
,0.22930989,8.395264,9.072334,,,4.13179,,7.6130075,,,,3.811217,,,,,,,6.169983,,6.1178617,4.3282857,,8.117505,7.148921
,0.3062997,8.377383,9.057764,,,4.1311502,,7.665717,,,,3.825805,,,,,,,6.276625,,6.1104107,4.3283377,,8.30508,7.184408
,0.25259718,8.419991,9.102047,,,4.131559,,7.6464653,,,,3.8058817,,,,,,,5.411728,,6.113993,4.327939,,8.051491,7.0790305
,0.3387646,8.402332,9.087069,,,4.13111,,7.672367,,,,3.822878,,,,,,,5.4713707,,6.1072397,4.3280153,,8.143097,7.4688063
,0.2917399,8.450939,9.134288,,,4.1308026,,7.6608496,,,,3.8070605,,,,,,,5.036193,,6.110682,4.327518,,7.9254284,7.4236183
,0.38818026,8.4340315,9.118682,,,4.1309547,,7.6666813,,,,,,,,,,,5.0494323,,6.1045074,4.327617,,8.032113,7.529189
,0.34818473,8.490231,9.171641,,,4.1308246,,7.658931,,,,,,,,,,,4.908821,,6.107846,4.327013,,7.617193,7.4886684
,0.28759933,8.475023,9.155323,,,4.1309404,,7.6502247,,,,,,,,,,,4.908956,,6.102162,4.3271294,,7.960765,7.4867268
,0.36408472,8.540488,9.217661,,,,,7.6442146,,,,,,,,,,,4.8670573,,6.105428,4.3264093,,7.4464273,7.6682773
,0.31005198,8.528604,9.200957,,,,,7.624324,,,,,,,,,,,4.8652325,,6.1001678,4.3246713,,7.636642,7.957
,0.3962172,8.604576,9.158366,,,,,7.619282,,,,,,,,,,,4.883677,,6.1033907,4.3239703,,7.3316417,7.709152
,0.34886587,8.598553,9.192678,,,,,7.5892363,,,,,,,,,,,4.8709064,,6.098507,4.3218637,,7.43324,7.254981
,0.44617245,8.530856,9.149381,,,,,7.5850315,,,,,,,,,,,4.897872,,6.101713,4.321158,,7.276638,7.138295
,0.40574944,8.565607,9.184948,,,,,7.543539,,,,,,,,,,,4.8798056,,6.097175,4.319069,,7.311123,7.032239
,0.34629065,8.501506,9.141097,,,,,7.5401535,,,,,,,,,,,4.9203715,,6.100386,4.3184705,,7.2452993,7.0448923
,0.42509532,8.534998,9.177798,,,,,7.4835453,,,,,,,,,,,4.8939047,,6.096176,4.316656,,7.27374,6.1303473
,0.372415,8.474519,9.13353,,,,,7.4805765,,,,,,,,,,,4.956955,,6.0994115,4.3162007,,7.181835,5.301524
,0.46172866,8.506086,9.171224,,,,,7.523425,,,,,,,,,,,4.916964,,6.0955234,4.314743,,7.236554,4.8733525
,0.41590428,8.449142,9.126653,,,,,7.5216875,,,,,,,,,,,5.0183883,,6.098799,4.3144155,,7.295597,4.5686145
,0.35275233,8.47829,9.16519,,,,,7.5532293,,,,,,,,,,,4.9564037,,6.095237,4.3132906,,7.2869425,4.2776337
,0.42373067,8.424748,9.120416,,,,,7.5553246,,,,,,,,,,,5.1245513,,6.098565,4.311626,,7.321599,4.1238756
,0.36747593,8.451109,9.159635,,,,,7.5787163,,,,,,,,,,,5.027313,,6.095338,4.3108697,,7.306139,3.955033
,0.447772,8.400822,9.114744,,,,,7.5842896,,,,,,,,,,,5.309191,,6.0987263,4.309798,,7.420226,3.9045248
,0.3983368,8.424152,9.1544895,,,,,7.601079,,,,,,,,,,,5.1601033,,6.09585,4.3092875,,7.331398,3.9174485
,0.3333758,8.376938,9.109552,,,,,7.609771,,,,,,,,,,,5.61514,,6.0993023,4.3085012,,7.79021,3.9238489
,0.39590186,8.397118,9.149673,,,,,7.619013,,,,,,,,,,,5.408717,,6.0967913,4.3081126,,7.535466,3.9451706
,0.33780867,8.352723,9.104749,,,,,7.6302195,,,,,,,,,,,6.055845,,6.1003094,4.307467,,8.221464,3.9503582
,,8.369769,9.145101,,,,,7.6236496,,,,,,,,,,,5.830829,,6.098175,4.3071527,,8.103586,3.9811227
,,8.327783,9.100238,,,,,7.6352606,,,,,,,,,,,6.5594826,,6.10176,4.3065977,,8.481451,3.979102
,,8.341866,9.14068,,,,,7.640867,,,,,,,,,,,6.395192,,6.100007,4.306347,,8.442014,4.0105963
,,8.301606,9.095922,,,,,7.6306553,,,,,,,,,,,6.992143,,6.1036606,4.3058767,,8.647518,3.996109
,,8.313042,9.136324,,,,,7.624407,,,,,,,,,,,6.927408,,6.1022873,4.304562,,8.694368,4.017946
,,8.273368,9.091706,,,,,7.616144,,,,,,,,,,,7.2513504,,6.106023,4.303483,,9.184947,3.9896214
,,8.282582,9.131936,,,,,7.600692,,,,,,,,,,,7.250384,,6.105015,4.3019238,,9.209916,3.9944148
,,8.24162,9.087491,,,,,7.5938253,,,,,,,,,,,7.313365,,6.108872,4.3006945,,8.656235,3.9537947
,,8.249041,9.127426,,,,,7.569669,,,,,,,,,,,7.316359,,6.1082115,4.2989607,,9.047465,3.933953
,,8.274232,9.083177,,,,,7.5640945,,,,,,,,,,,7.3075275,,6.112279,4.29766,,8.663785,3.8854747
,,8.260529,9.122694,,,,,7.529831,,,,,,,,,,,7.3385067,,6.1119537,4.2958984,,8.770512,3.8283553
,,8.285853,9.078666,,,,,7.525506,,,,,,,,,,,7.0328197,,6.116421,4.2946362,,8.6593485,3.7713819
,,8.271941,9.1176405,,,,,7.477808,,,,,,,,,,,7.092984,,6.116456,4.293033,,8.633735,3.6537273
,,8.297834,9.073854,,,,,7.4744577,,,,,,,,,,,6.35812,,6.1216993,4.2883525,,8.630621,3.5836728
,,8.283771,9.112162,,,,,7.5103893,,,,,,,,,,,6.4594965,,6.1222167,4.2836046,,8.607768,3.4145262
,,8.310695,9.068636,,,,,7.509983,,,,,,,,,,,5.548152,,6.1289864,4.2778473,,8.5526905,3.3623133
,,8.296546,9.106152,,,,,7.536338,,,,,,,,,,,5.6212177,,6.1303444,4.272033,,8.599005,3.2208915
,,8.325032,9.062901,,,,,7.5394917,,,,,,,,,,,5.090787,,6.1401615,4.265746,,8.42827,3.211934
,,8.310871,9.099494,,,,,7.558605,,,,,,,,,,,5.111499,,6.143277,4.259261,,8.589248,3.1286583
,,8.341573,9.056527,,,,,7.5650387,,,,,,,,,,,4.92805,,6.159397,4.2532544,,8.342547,3.1485329
,,8.327503,9.09207,,,,,7.577877,,,,,,,,,,,4.930071,,6.16658,4.237459,,8.571903,3.1017632
,,8.361241,9.04939,,,,,7.5873394,,,,,,,,,,,4.8744946,,6.1966987,4.2179737,,8.285373,3.138594
,,8.347418,9.08375,,,,,7.592681,,,,,,,,,,,4.872918,,6.2142925,4.199202,,8.52624,3.111227
,,8.38526,9.041349,,,,,7.604701,,,,,,,,,,,4.900109,,6.1959367,4.1756663,,8.210785,3.1615195
,,8.371953,9.074399,,,,,7.5948524,,,,,,,,,,,4.882849,,6.2028637,4.1570144,,8.428053,3.147194
,,8.415265,9.032254,,,,,7.6073904,,,,,,,,,,,4.9256115,,6.1880913,4.1177044,,8.109282,3.0773273
,,8.40297,9.063873,,,,,7.616516,,,,,,,,,,,4.8996124,,6.195981,4.068221,,8.332311,3.072738
,,8.453451,9.0219345,,,,,7.6054955,,,,,,,,,,,4.9700174,,6.183874,4.031059,,8.020981,3.0320375
,,8.44307,9.052013,,,,,7.604269,,,,,,,,,,,4.929052,,6.1930256,3.9857109,,8.278128,3.033207
,,8.502649,9.01019,,,,,7.5956707,,,,,,,,,,,5.050557,,6.183019,,,7.97278,3.0094175
,,8.495765,9.038648,,,,,7.5863714,,,,,,,,,,,4.983727,,6.1939745,,,8.223204,3.012899
,,8.438588,8.996785,,,,,7.5796747,,,,,,,,,,,5.2010665,,6.18578,,,7.9528713,2.9962554
,,8.46108,9.023576,,,,,7.5630465,,,,,,,,,,,5.0912924,,6.199466,,,8.129814,3.0015
,,8.408207,8.98143,,,,,7.5580797,,,,,,,,,,,5.4777308,,6.1930814,,,7.933819,2.9879615
,,8.428462,9.006559,,,,,7.533599,,,,,,,,,,,5.3091297,,6.2111263,,,8.021464,2.995449
,,8.379519,8.963742,,,,,7.530326,,,,,,,,,,,5.9286985,,6.20697,,,7.8687086,2.983982
,,8.397266,8.987289,,,,,7.496209,,,,,,,,,,,5.7219963,,6.2324023,,,7.9566135,2.99443
,,8.351742,8.943204,,,,,7.4945784,,,,,,,,,,,6.4963226,,6.2317066,,,7.7219934,2.9852748
,,8.366909,8.965339,,,,,7.4476414,,,,,,,,,,,6.3347387,,6.270453,,,7.937348,2.999104
,,8.324129,8.919085,,,,,7.4474354,,,,,,,,,,,6.9995756,,6.2762504,,,7.5363007,2.9928594
,,8.336815,8.940082,,,,,7.484473,,,,,,,,,,,6.937332,,6.3386493,,,7.914566,3.0096211
,,8.295854,8.890328,,,,,7.4835157,,,,,,,,,,,7.2981052,,6.356266,,,7.4057894,3.0063016
,,8.306302,8.91057,,,,,7.510375,,,,,,,,,,,7.2980185,,6.43929,,,7.7968683,3.025343
,,8.2658205,8.960439,,,,,7.512825,,,,,,,,,,,6.911254,,6.454623,,,7.351413,3.0242372
,,8.274367,8.948422,,,,,7.5320225,,,,,,,,,,,6.968941,,6.426081,,,7.572578,3.004476
,,8.232358,8.992678,,,,,7.537627,,,,,,,,,,,6.136897,,6.306022,,,7.3118343,3.0059595
,,8.23933,8.980625,,,,,7.5503626,,,,,,,,,,,6.2208176,,5.989464,,,7.4049673,2.9922433
,,8.265106,9.020603,,,,,7.558917,,,,,,,,,,,5.3712645,,5.834744,,,7.246188,2.9972901
,,8.252885,9.008518,,,,,7.564824,,,,,,,,,,,5.417391,,5.7938223,,,7.346688,2.9875588
,,8.279054,9.045492,,,,,7.576043,,,,,,,,,,,5.0184965,,5.827672,,,7.1965513,2.9952927
,,8.267043,9.033344,,,,,7.571089,,,,,,,,,,,5.0284657,,5.759525,,,7.2782507,2.9892073
,,8.294189,9.068543,,,,,7.5838203,,,,,,,,,,,4.9037066,,5.861762,,,7.163603,2.9982848
,,8.282461,9.056254,,,,,7.5513754,,,,,,,,,,,4.9034758,,5.783018,,,7.2191515,2.9952495
,,8.311264,9.09093,,,,,7.560051,,,,,,,,,,,4.865956,,5.970911,,,7.1188307,3.0042052
,,8.299912,9.07837,,,,,7.589591,,,,,,,,,,,4.864143,,5.9061923,,,7.187422,3.0031478
,,8.331207,9.113911,,,,,7.5715857,,,,,,,,,,,4.879904,,6.0797367,,,7.0487213,2.9937215
,,8.320377,9.100903,,,,,7.58976,,,,,,,,,,,4.8684926,,6.0086803,,,7.1364603,2.995236
,,8.355239,9.138992,,,,,7.5759306,,,,,,,,,,,4.89046,,5.9915276,,,6.957182,2.9882216
,,8.345177,9.125338,,,,,7.5856495,,,,,,,,,,,4.875107,,5.841851,,,7.047577,2.992191
,,8.384998,9.168173,,,,,7.5750914,,,,,,,,,,,4.9065356,,5.6158137,,,6.8655596,2.9877071
,,8.376168,9.153717,,,,,7.5782013,,,,,,,,,,,4.8852067,,5.4789867,,,6.933708,2.9932466
,,8.422727,9.204281,,,,,7.5703306,,,,,,,,,,,4.9316354,,5.45586,,,7.150523,2.9911816
,,8.415991,9.189089,,,,,7.5679398,,,,,,,,,,,4.901058,,5.3949685,,,7.085643,2.9969966
,,8.367502,9.152084,,,,,7.5623817,,,,,,,,,,,4.972254,,5.3712044,,,7.2507353,2.9966338
,,8.382071,9.177483,,,,,7.555072,,,,,,,,,,,4.9270296,,5.33378,,,7.214361,2.9909654
,,8.33708,9.13998,,,,,7.551593,,,,,,,,,,,5.0407014,,5.3148813,,,7.2896233,2.9925942
,,8.349571,9.165926,,,,,7.5395184,,,,,,,,,,,4.9719195,,5.2886767,,,7.276705,2.9883292
,,8.30712,9.128044,,,,,7.53798,,,,,,,,,,,5.1601458,,5.2723556,,,7.306238,2.9917753
,,8.317615,9.154385,,,,,7.520898,,,,,,,,,,,5.054061,,5.227201,,,7.2992334,2.9894285
,,8.276439,9.116233,,,,,7.521226,,,,,,,,,,,5.370352,,5.216671,,,7.333102,2.9938893
,,8.2851515,9.142783,,,,,7.4984493,,,,,,,,,,,5.2111454,,5.2265244,,,7.314081,2.9932923
,,8.2435055,9.104456,,,,,7.5006084,,,,,,,,,,,5.7199297,,5.276274,,,7.556164,2.9976473
,,8.250701,9.13101,,,,,7.4708977,,,,,,,,,,,5.5090513,,5.280578,,,7.4120855,2.998083
,,8.206063,9.092581,,,,,7.474869,,,,,,,,,,,6.212882,,5.2819715,,,8.108911,2.995612
,,8.2119255,9.118921,,,,,7.436261,,,,,,,,,,,6.0048366,,5.2888317,,,7.947156,2.997318
,,8.236982,9.080447,,,,,7.4420033,,,,,,,,,,,6.742689,,5.244689,,,8.425873,2.9960012
,,8.224469,9.106355,,,,,7.3916044,,,,,,,,,,,6.617594,,5.2167716,,,8.406174,2.998446
,,8.249459,9.067869,,,,,7.398983,,,,,,,,,,,7.149784,,5.1089764,,,8.626866,2.9982033
,,8.237459,9.093133,,,,,7.4433765,,,,,,,,,,,7.117523,,5.057018,,,8.655121,2.9954891
,,8.262858,9.054633,,,,,7.441187,,,,,,,,,,,7.3558736,,4.982204,,,8.547796,2.996439
,,8.251459,9.079063,,,,,7.472912,,,,,,,,,,,7.3632956,,4.9510365,,,8.638821,2.994607
,,8.277807,9.040503,,,,,7.4738693,,,,,,,,,,,7.1416216,,4.944361,,,8.412298,2.9965954
,,8.267106,9.063937,,,,,7.4964514,,,,,,,,,,,7.189638,,4.9338737,,,8.604297,2.995916
,,8.29505,9.025204,,,,,7.500352,,,,,,,,,,,6.5703626,,4.9300942,,,8.323246,2.998407
,,8.285165,9.0475235,,,,,7.5157127,,,,,,,,,,,6.662961,,4.92673,,,8.543552,2.9986234
,,8.315536,9.008415,,,,,7.522359,,,,,,,,,,,5.7439656,,4.924665,,,8.238089,2.9970214
,,8.306641,9.029557,,,,,7.5310307,,,,,,,,,,,5.834386,,4.9245424,,,8.45945,2.9982023
,,8.3405285,8.989732,,,,,7.54021,,,,,,,,,,,5.1839824,,4.92372,,,8.153683,2.9974804
,,8.332922,9.009712,,,,,7.54082,,,,,,,,,,,5.219431,,4.9230065,,,8.384808,2.9992547
,,8.371776,8.968628,,,,,7.5519857,,,,,,,,,,,4.964148,,4.921835,,,8.083572,2.9993296
,,8.366008,8.987555,,,,,7.5381956,,,,,,,,,,,4.9709682,,4.920971,,,8.334151,2.9979615
,,8.411708,8.944373,,,,,7.5489397,,,,,,,,,,,4.889231,,4.9199834,,,8.033653,2.9988613
,,8.408807,8.962465,,,,,7.5624437,,,,,,,,,,,4.8886333,,4.919334,,,8.300161,2.998258
,,8.362802,8.915928,,,,,7.550458,,,,,,,,,,,4.8618846,,4.9191427,,,7.9997644,2.9997225
,,8.377493,8.933518,,,,,7.5580177,,,,,,,,,,,4.8601046,,4.9188256,,,8.275399,2.9998274
,,8.334301,8.979472,,,,,7.548585,,,,,,,,,,,4.870537,,,,,7.976445,
,,8.347449,8.96828,,,,,7.5513086,,,,,,,,,,,4.8622446,,,,,8.257075,
,,8.306269,9.009149,,,,,7.5441456,,,,,,,,,,,4.8758616,,,,,7.9603643,
,,8.317829,8.997847,,,,,7.542675,,,,,,,,,,,4.865475,,,,,8.245559,
,,8.277665,9.034941,,,,,7.5375843,,,,,,,,,,,4.8834996,,,,,7.950679,
,,8.287713,9.023535,,,,,7.532233,,,,,,,,,,,4.870154,,,,,8.243694,
,,8.247259,9.058076,,,,,7.5290737,,,,,,,,,,,4.894474,,,,,7.9491806,
,,8.255942,9.0465355,,,,,7.5198994,,,,,,,,,,,4.8769116,,,,,8.258654,
,,8.213381,9.0796995,,,,,7.518564,,,,,,,,,,,4.910542,,,,,7.9601974,
,,8.220847,9.067945,,,,,7.5053816,,,,,,,,,,,4.8868556,,,,,8.304482,
,,8.173534,9.100943,,,,,7.5057907,,,,,,,,,,,4.9347906,,,,,7.9886284,
,,8.1798,9.088845,,,,,7.4881496,,,,,,,,,,,4.901984,,,,,8.380204,
,,8.206255,9.123042,,,,,7.490244,,,,,,,,,,,4.972813,,,,,8.036083,
,,8.194583,9.11043,,,,,7.4673653,,,,,,,,,,,4.9260535,,,,,8.427743,
,,8.220618,9.147514,,,,,7.4711065,,,,,,,,,,,5.0350046,,,,,8.100527,
,,8.209833,9.134196,,,,,7.4417706,,,,,,,,,,,4.966458,,,,,8.434898,
,,8.235983,9.176408,,,,,7.447136,,,,,,,,,,,5.1407604,,,,,8.222628,
,,8.226188,9.162251,,,,,7.4095078,,,,,,,,,,,5.0383244,,,,,8.447475,
,,8.253049,9.212662,,,,,7.41648,,,,,,,,,,,5.32414,,,,,8.370273,
,,8.244352,9.197776,,,,,7.3679047,,,,,,,,,,,5.172753,,,,,8.726054,
,,8.272643,9.161642,,,,,7.376405,,,,,,,,,,,5.632245,,,,,8.387386,
,,8.265181,9.187546,,,,,7.419964,,,,,,,,,,,5.427347,,,,,9.082639,
,,8.295823,9.150948,,,,,7.4166794,,,,,,,,,,,6.088362,,,,,8.698975,
,,8.289797,9.177579,,,,,7.4484873,,,,,,,,,,,5.869394,,,,,9.281429,
,,8.324019,9.140631,,,,,7.448,,,,,,,,,,,6.620022,,,,,9.096705,
,,8.319795,9.16787,,,,,7.471404,,,,,,,,,,,6.468211,,,,,8.61959,
,,8.359245,9.130672,,,,,7.473567,,,,,,,,,,,7.070861,,,,,8.962465,
,,8.357518,9.158364,,,,,7.490468,,,,,,,,,,,7.0182924,,,,,8.566841,
,,8.315512,9.121012,,,,,7.495125,,,,,,,,,,,7.3327227,,,,,8.504599,
,,8.326968,9.148975,,,,,7.5062895,,,,,,,,,,,7.3350315,,,,,8.106964,
,,8.286439,9.111549,,,,,7.513282,,,,,,,,,,,7.4050674,,,,,8.193384,
,,8.296744,9.139589,,,,,7.5183372,,,,,,,,,,,7.4088516,,,,,7.822012,
,,8.2565565,9.102162,,,,,7.527396,,,,,,,,,,,7.398216,,,,,7.804166,
,,8.265738,9.130076,,,,,7.5240498,,,,,,,,,,,7.4266543,,,,,7.157014,
,,8.224426,9.092706,,,,,7.534321,,,,,,,,,,,7.2306466,,,,,7.0454793,
,,8.23256,9.12029,,,,,7.5148354,,,,,,,,,,,7.291939,,,,,6.7378817,
,,8.188126,9.083022,,,,,7.522813,,,,,,,,,,,6.80123,,,,,6.683365,
,,8.195255,9.110078,,,,,7.5404453,,,,,,,,,,,6.9262595,,,,,6.7648616,
,,8.144846,9.072944,,,,,7.525893,,,,,,,,,,,6.112359,,,,,6.6720533,
,,8.150849,9.099277,,,,,7.539303,,,,,,,,,,,6.275631,,,,,6.7531557,
,,8.090284,9.0622835,,,,,7.526883,,,,,,,,,,,5.4710503,,,,,6.6300583,
,,8.094646,9.087719,,,,,7.537013,,,,,,,,,,,5.580695,,,,,6.7186193,
,,8.12231,9.050849,,,,,7.5265007,,,,,,,,,,,5.11205,,,,,6.5385857,
,,8.104216,9.075228,,,,,7.5339994,,,,,,,,,,,5.1537204,,,,,6.6312637,
,,8.130526,9.038422,,,,,7.525217,,,,,,,,,,,4.9574146,,,,,6.365714,
,,8.113088,9.061619,,,,,7.530545,,,,,,,,,,,4.967823,,,,,6.4394712,
,,8.138384,9.024755,,,,,7.52334,,,,,,,,,,,4.8938837,,,,,6.1024055,
,,8.121746,9.046685,,,,,7.5268316,,,,,,,,,,,4.8945184,,,,,6.124362,
,,8.146321,9.009552,,,,,7.5210724,,,,,,,,,,,4.866515,,,,,5.80474,
,,8.130633,9.030187,,,,,7.5229692,,,,,,,,,,,4.864869,,,,,5.7771087,
,,8.154754,8.992438,,,,,7.5185413,,,,,,,,,,,4.853619,,,,,5.5277767,
,,8.140175,9.011824,,,,,7.519018,,,,,,,,,,,4.8517904,,,,,5.4758377,
,,8.164097,8.972913,,,,,7.5158195,,,,,,,,,,,4.854488,,,,,5.2627134,
,,8.15079,8.991185,,,,,7.5149994,,,,,,,,,,,4.8509083,,,,,5.192624,
,,8.174777,8.950273,,,,,7.5129423,,,,,,,,,,,4.853836,,,,,4.941571,
,,8.162906,8.96767,,,,,7.5109053,,,,,,,,,,,4.8501925,,,,,4.8334913,
,,8.187247,8.923495,,,,,7.5099154,,,,,,,,,,,4.853272,,,,,4.941464,
,,8.176971,8.940368,,,,,7.5067034,,,,,,,,,,,4.8495536,,,,,4.869312,
,,8.202019,8.984524,,,,,7.506715,,,,,,,,,,,4.8527026,,,,,4.9291663,
,,8.193491,8.974321,,,,,7.5023394,,,,,,,,,,,4.8489275,,,,,4.8427086,
,,8.219696,9.013311,,,,,7.5032988,,,,,,,,,,,4.852058,,,,,4.8719087,
,,8.21307,9.002899,,,,,7.497739,,,,,,,,,,,4.848269,,,,,4.768123,
,,8.241047,9.038013,,,,,7.4996033,,,,,,,,,,,4.8512907,,,,,4.774907,
,,8.236502,9.027428,,,,,7.4928045,,,,,,,,,,,4.8475475,,,,,4.6438146,
,,8.26712,9.059836,,,,,7.4955387,,,,,,,,,,,4.8503757,,,,,4.6280484,
,,8.264921,9.049077,,,,,7.4874153,,,,,,,,,,,4.846747,,,,,4.4658856,
,,8.299423,9.0798645,,,,,7.4909906,,,,,,,,,,,4.849307,,,,,4.4259896,
,,8.300058,9.068888,,,,,7.4814157,,,,,,,,,,,4.8458614,,,,,4.274862,
,,8.3401985,9.09912,,,,,7.485813,,,,,,,,,,,4.848097,,,,,4.231797,
,,8.344627,9.087838,,,,,7.474615,,,,,,,,,,,4.8448973,,,,,4.281642,
,,8.305342,9.118667,,,,,7.4798183,,,,,,,,,,,4.8467712,,,,,4.245787,
,,8.317728,9.10694,,,,,7.4667664,,,,,,,,,,,4.843865,,,,,4.2771153,
,,8.279473,9.139734,,,,,7.472768,,,,,,,,,,,4.845366,,,,,4.2229185,
,,8.291539,9.127387,,,,,7.4575567,,,,,,,,,,,4.842781,,,,,4.2313585,
,,8.25355,9.163918,,,,,7.4643507,,,,,,,,,,,4.843918,,,,,4.1727915,
,,8.265153,9.150778,,,,,7.446575,,,,,,,,,,,4.8416605,,,,,4.162983,
,,8.226542,9.19347,,,,,7.4541664,,,,,,,,,,,4.8424616,,,,,4.119889,
,,8.237606,9.179462,,,,,7.433279,,,,,,,,,,,4.8405175,,,,,4.1043024,
,,8.197288,9.231696,,,,,7.441683,,,,,,,,,,,4.8410225,,,,,4.085523,
,,8.207765,9.217078,,,,,7.416935,,,,,,,,,,,4.8393583,,,,,4.0738373,
,,8.164312,9.181514,,,,,7.4261827,,,,,,,,,,,4.839611,,,,,4.0663915,
,,8.1741495,9.210082,,,,,7.396536,,,,,,,,,,,4.8381853,,,,,4.062157,
,,8.125603,9.174021,,,,,7.4066763,,,,,,,,,,,4.8382277,,,,,4.052575,
,,8.134673,9.203893,,,,,7.37066,,,,,,,,,,,4.8369927,,,,,4.049918,
,,8.078245,9.167428,,,,,7.381751,,,,,,,,,,,4.83686,,,,,4.040272,
,,8.086235,9.19858,,,,,7.3372736,,,,,,,,,,,4.8357725,,,,,4.040573,
,,8.017913,9.161791,,,,,7.3493366,,,,,,,,,,,4.835492,,,,,4.0328608,
,,8.024145,9.194175,,,,,7.39316,,,,,,,,,,,4.834517,,,,,4.032135,
,,7.938193,9.157134,,,,,7.3903465,,,,,,,,,,,4.8341117,,,,,4.025091,
,,7.941406,9.190686,,,,,7.4226093,,,,,,,,,,,4.833226,,,,,4.0197315,
,,7.9763966,9.153455,,,,,7.4219217,,,,,,,,,,,4.832716,,,,,4.019176,
,,7.9482245,9.188111,,,,,7.4461937,,,,,,,,,,,4.831908,,,,,4.013248,
,,7.981111,9.150737,,,,,7.4476156,,,,,,,,,,,4.8313136,,,,,4.0126486,
,,7.9529734,9.186442,,,,,7.4659576,,,,,,,,,,,4.830576,,,,,4.0078154,
,,7.9841876,9.148963,,,,,7.4694242,,,,,,,,,,,4.8299127,,,,,4.0019946,
,,7.9561734,9.185675,,,,,7.482774,,,,,,,,,,,4.829232,,,,,3.9956024,
,,7.986072,9.148124,,,,,7.488181,,,,,,,,,,,4.8285093,,,,,3.9970584,
,,7.9582815,9.185816,,,,,7.496459,,,,,,,,,,,4.827994,,,,,3.99481,
,,7.9871616,9.148211,,,,,7.503579,,,,,,,,,,,4.82757,,,,,3.993346,
,,7.9597106,9.186882,,,,,7.505419,,,,,,,,,,,4.8269854,,,,,3.9885767,
,,7.9878235,9.149235,,,,,7.513623,,,,,,,,,,,4.826499,,,,,3.9858584,
,,7.960844,9.1889105,,,,,7.5050592,,,,,,,,,,,4.8258157,,,,,3.9717546,
,,7.988406,9.151226,,,,,7.5123024,,,,,,,,,,,4.8252397,,,,,3.963248,
,,7.9620547,9.191957,,,,,7.521184,,,,,,,,,,,4.8244333,,,,,3.9717178,
,,7.989256,9.154236,,,,,7.511613,,,,,,,,,,,4.8237476,,,,,3.9638727,
,,7.963713,9.19611,,,,,7.5187817,,,,,,,,,,,4.8228073,,,,,3.9659882,
,,7.990717,9.158342,,,,,7.5104036,,,,,,,,,,,4.8219995,,,,,3.9488847,
,,7.96619,9.201484,,,,,7.516281,,,,,,,,,,,4.820929,,,,,3.9436128,
,,7.993145,9.163658,,,,,7.5089397,,,,,,,,,,,4.819995,,,,,3.958184,
,,7.969871,9.208234,,,,,7.5138683,,,,,,,,,,,4.8188148,,,,,3.952275,
,,7.996909,9.170338,,,,,7.5073996,,,,,,,,,,,4.817757,,,,,3.9574614,
,,7.975153,9.216565,,,,,7.5116644,,,,,,,,,,,4.8165045,,,,,3.9434447,
,,8.002396,9.178582,,,,,7.5058937,,,,,,,,,,,4.8153296,,,,,3.9411469,
,,7.9824486,9.226739,,,,,7.5097446,,,,,,,,,,,4.8140545,,,,,3.9090602,
,,8.010005,9.188662,,,,,7.504484,,,,,,,,,,,4.8127694,,,,,3.890324,
,,7.99218,9.239091,,,,,7.5081453,,,,,,,,,,,4.8115335,,,,,3.904254,
,,8.020155,9.200925,,,,,7.503189,,,,,,,,,,,4.8101444,,,,,3.87915,
,,8.004776,9.254045,,,,,7.5068674,,,,,,,,,,,4.8090153,,,,,3.8759708,
,,8.033278,9.215828,,,,,7.5019875,,,,,,,,,,,4.80753,,,,,3.9051752,
,,8.020666,9.272136,,,,,7.5058804,,,,,,,,,,,4.8065786,,,,,3.8974767,
,,8.049816,9.233959,,,,,7.5008106,,,,,,,,,,,4.802054,,,,,3.907956,
,,8.040275,9.294024,,,,,7.5051126,,,,,,,,,,,4.7957964,,,,,3.8848429,
,,8.070227,9.256076,,,,,7.499529,,,,,,,,,,,4.7900934,,,,,,
,,8.06402,9.320509,,,,,7.5044336,,,,,,,,,,,4.7822456,,,,,,
,,8.095006,9.283131,,,,,7.4979286,,,,,,,,,,,4.776422,,,,,,
,,8.092348,9.352503,,,,,7.5036335,,,,,,,,,,,4.768338,,,,,,
,,8.124741,9.316277,,,,,7.495659,,,,,,,,,,,4.763425,,,,,,
,,8.125799,9.390932,,,,,7.5023603,,,,,,,,,,,4.756174,,,,,,
,,8.160222,9.356784,,,,,7.492141,,,,,,,,,,,4.752576,,,,,,
,,8.16518,9.436494,,,,,7.5000286,,,,,,,,,,,4.746504,,,,,,
,,8.202673,9.405775,,,,,7.486409,,,,,,,,,,,4.744162,,,,,,
,,8.211889,9.48914,,,,,7.4956436,,,,,,,,,,,4.739169,,,,,,
,,8.171999,9.46358,,,,,7.4767933,,,,,,,,,,,4.7378993,,,,,,
,,8.1821165,9.399268,,,,,7.487442,,,,,,,,,,,4.731368,,,,,,
,,8.140382,9.4456625,,,,,7.4603195,,,,,,,,,,,4.724148,,,,,,
,,8.151231,9.380653,,,,,7.472207,,,,,,,,,,,4.7206364,,,,,,
,,8.106568,9.426807,,,,,7.431525,,,,,,,,,,,4.7161694,,,,,,
,,8.1179285,9.361168,,,,,7.4438705,,,,,,,,,,,4.7140512,,,,,,
,,8.069007,9.406969,,,,,7.380274,,,,,,,,,,,4.7106657,,,,,,
,,8.08064,9.34074,,,,,7.3908567,,,,,,,,,,,4.709231,,,,,,
,,8.025744,9.385998,,,,,7.2885227,,,,,,,,,,,4.706203,,,,,,
,,8.037353,9.3192215,,,,,7.2921124,,,,,,,,,,,4.705239,,,,,,
,,7.974208,9.363677,,,,,7.129919,,,,,,,,,,,4.7023406,,,,,,
,,7.985362,9.296426,,,,,7.1174574,,,,,,,,,,,4.7018347,,,,,,
,,7.910913,9.339754,,,,,6.889942,,,,,,,,,,,4.699065,,,,,,
,,7.92096,9.272137,,,,,6.8579245,,,,,,,,,,,4.6990623,,,,,,
,,7.831112,9.313954,,,,,6.623913,,,,,,,,,,,4.696757,,,,,,
,,7.8390646,9.246146,,,,,6.596979,,,,,,,,,,,4.691436,,,,,,
,,7.7284756,9.286017,,,,,6.444742,,,,,,,,,,,4.689465,,,,,,
,,7.732937,9.218269,,,,,6.4597416,,,,,,,,,,,4.6841455,,,,,,
,,7.5950117,9.255722,,,,,6.503395,,,,,,,,,,,4.6827903,,,,,,
,,7.5942693,9.188369,,,,,6.441591,,,,,,,,,,,4.67812,,,,,,
,,7.6431837,9.222921,,,,,6.48505,,,,,,,,,,,4.6775007,,,,,,
,,7.591874,9.156377,,,,,6.426842,,,,,,,,,,,4.6737795,,,,,,
,,7.6380596,9.1875725,,,,,6.473592,,,,,,,,,,,4.673831,,,,,,
,,7.585077,9.122305,,,,,6.423566,,,,,,,,,,,4.6714125,,,,,,
,,7.629064,9.149759,,,,,6.479584,,,,,,,,,,,4.666888,,,,,,
